ID,aspect,slope_perc,elevation_m,plot_id,project,protocol,grove_name,grovearea_ha,geometry,color,fire_count,fire_id,fire_yr,burnsev,assss_t,trt_yr,trt_ct,sev,time_since,count,count_v2,strata_nm
1,SE_W,34.600318908691406,2183.422607421875,FSEGI1T08093,SEKI fire effects monitoring plots,SEKI FMH full,Atwell,645.3523584514023,"c(116847.642601523, -172052.085268517)",#687351,3,2021KNP_COMP,2021,Moderate,GEE,2003,2,Low,under5,many,many,SE_W-under5-Moderate-many
2,SE_W,31.0083065032959,2342.926513671875,FSEGI1T08095,SEKI fire effects monitoring plots,SEKI FMH full,Atwell,645.3523584514023,"c(118046.341374057, -170608.472228418)",#687351,2,none,2003,Low,NA,2003,2,Low,over5,many,many,SE_W-over5-Low-many
3,SE_W,32.484031677246094,1966.3714599609375,FTHIN1T08008,SEKI fire effects monitoring plots,SEKI FMH full,Atwell,645.3523584514023,"c(118602.244674828, -171610.153461906)",#687351,3,none,2008,Low,NA,2008,3,Low,over5,many,many,SE_W-over5-Low-many
4,SE_W,38.355926513671875,2372.7998046875,ATWE-THIN-01,UCB fuels project monitoring,UCB F&F protocol,Atwell,645.3523584514023,"c(118770.995949619, -170440.627119949)",#3d405b,1,none,2003,Low,NA,2003,1,Low,over5,one,one,SE_W-over5-Low-one
5,SE_W,32.39208221435547,2334.72119140625,ATWE-THIN-02,UCB fuels project monitoring,UCB F&F protocol,Atwell,645.3523584514023,"c(117878.027801698, -170885.21241587)",#3d405b,2,none,2003,Low,NA,2003,2,Low,over5,many,many,SE_W-over5-Low-many
6,SE_W,33.71677780151367,2016.964111328125,ATWE-THIN-03,UCB fuels project monitoring,UCB F&F protocol,Atwell,645.3523584514023,"c(119010.307091714, -171506.373502886)",#3d405b,1,none,2003,Low,NA,2003,1,Low,over5,one,one,SE_W-over5-Low-one
7,NW_E,45.83293914794922,2039.0767822265625,ATWE-THIN-04,UCB fuels project monitoring,UCB F&F protocol,Atwell,645.3523584514023,"c(116285.515108508, -172140.443505892)",#3d405b,3,2021KNP_COMP,2021,Low,GEE,2003,2,Low,under5,many,many,NW_E-under5-Low-many
8,SE_W,43.31338119506836,2260.941162109375,ATWE-THIN-05,UCB fuels project monitoring,UCB F&F protocol,Atwell,645.3523584514023,"c(118616.237090366, -170707.761504051)",#3d405b,1,none,2003,Low,NA,2003,1,Low,over5,one,one,SE_W-over5-Low-one
9,SE_W,42.710506439208984,2346.812255859375,ATWE-THIN-06,UCB fuels project monitoring,UCB F&F protocol,Atwell,645.3523584514023,"c(116949.016570664, -171422.781678611)",#3d405b,2,none,2003,Low,NA,2003,2,Low,over5,many,many,SE_W-over5-Low-many
10,SE_W,29.71527671813965,1996.4775390625,ATWE-THIN-07,UCB fuels project monitoring,UCB F&F protocol,Atwell,645.3523584514023,"c(119449.582979521, -171638.686322395)",#3d405b,1,none,2016,Low,NA,2016,1,Low,over5,one,one,SE_W-over5-Low-one
11,NW_E,25.927528381347656,2031.8746337890625,ATWE-THIN-08,UCB fuels project monitoring,UCB F&F protocol,Atwell,645.3523584514023,"c(117050.020117392, -172613.295452999)",#3d405b,3,2021KNP_COMP,2021,Low,GEE,2003,2,Low,under5,many,many,NW_E-under5-Low-many
12,SE_W,55.59272003173828,2475.755859375,ATWE-THIN-09,UCB fuels project monitoring,UCB F&F protocol,Atwell,645.3523584514023,"c(117520.709931052, -170914.621503927)",#3d405b,2,none,2003,Low,NA,2003,2,Low,over5,many,many,SE_W-over5-Low-many
13,SE_W,43.46564102172851,2368.660400390625,ATWE-THIN-10,UCB fuels project monitoring,UCB F&F protocol,Atwell,645.3523584514023,"c(118002.483852381, -170535.155124261)",#3d405b,2,none,2003,Low,NA,2003,2,Low,over5,many,many,SE_W-over5-Low-many
14,SE_W,36.91373443603515,2194.53955078125,ATWE-THIN-11,UCB fuels project monitoring,UCB F&F protocol,Atwell,645.3523584514023,"c(116611.687254926, -171762.190433694)",#3d405b,3,2021KNP_COMP,2021,Unburned,GEE,2003,2,Low,under5,many,none,SE_W-under5-Unburned-none
15,SE_W,42.68026351928711,2267.5576171875,ATWE-THIN-12,UCB fuels project monitoring,UCB F&F protocol,Atwell,645.3523584514023,"c(117622.149604292, -171672.664414335)",#3d405b,3,2021KNP_COMP,2021,Unburned,GEE,2003,2,Low,under5,many,none,SE_W-under5-Unburned-none
16,SE_W,33.60015106201172,2216.04541015625,ATWE-THIN-13,UCB fuels project monitoring,UCB F&F protocol,Atwell,645.3523584514023,"c(117973.365218765, -171227.879173146)",#3d405b,2,none,2003,Low,NA,2003,2,Low,over5,many,many,SE_W-over5-Low-many
17,SE_W,32.525482177734375,2435.297119140625,ATWE-THIN-14,UCB fuels project monitoring,UCB F&F protocol,Atwell,645.3523584514023,"c(117646.667548439, -170813.7348843)",#3d405b,2,none,2003,Low,NA,2003,2,Low,over5,many,many,SE_W-over5-Low-many
18,SE_W,45.851322174072266,2206.444091796875,ATWE-THIN-15,UCB fuels project monitoring,UCB F&F protocol,Atwell,645.3523584514023,"c(117153.170189252, -171960.458399964)",#3d405b,3,2021KNP_COMP,2021,Unburned,GEE,2003,2,Low,under5,many,none,SE_W-under5-Unburned-none
19,SE_W,47.51197814941406,2143.298828125,ATWE-THIN-16,UCB fuels project monitoring,UCB F&F protocol,Atwell,645.3523584514023,"c(117776.081234855, -171961.393029533)",#3d405b,3,2021KNP_COMP,2021,Low,GEE,2003,2,Low,under5,many,many,SE_W-under5-Low-many
20,SE_W,40.29342269897461,2107.9560546875,ATWE-THIN-17,UCB fuels project monitoring,UCB F&F protocol,Atwell,645.3523584514023,"c(119548.857100596, -171150.363780786)",#3d405b,2,none,2003,Low,NA,2003,2,Low,over5,many,many,SE_W-over5-Low-many
21,SE_W,42.12660598754883,2326.9951171875,ATWE-THIN-18,UCB fuels project monitoring,UCB F&F protocol,Atwell,645.3523584514023,"c(116503.940587165, -171320.428525309)",#3d405b,3,2021KNP_COMP,2021,Unburned,GEE,2003,2,Low,under5,many,none,SE_W-under5-Unburned-none
22,SE_W,11.531519889831545,1964.1500244140625,ATWE-THIN-19,UCB fuels project monitoring,UCB F&F protocol,Atwell,645.3523584514023,"c(119894.105882667, -171875.267004348)",#3d405b,2,none,2016,Low,NA,2016,2,Low,over5,many,many,SE_W-over5-Low-many
23,SE_W,56.821685791015625,2114.353515625,ATWE-THIN-20,UCB fuels project monitoring,UCB F&F protocol,Atwell,645.3523584514023,"c(117228.731446358, -172201.263773826)",#3d405b,3,2021KNP_COMP,2021,Moderate,GEE,2003,2,Low,under5,many,many,SE_W-under5-Moderate-many
24,SE_W,42.68426132202149,2133.70263671875,ATWE-THIN-21,UCB fuels project monitoring,UCB F&F protocol,Atwell,645.3523584514023,"c(118188.329195782, -171155.755464011)",#3d405b,2,none,2003,Low,NA,2003,2,Low,over5,many,many,SE_W-over5-Low-many
25,SE_W,38.726470947265625,2419.497802734375,ATWE-THIN-22,UCB fuels project monitoring,UCB F&F protocol,Atwell,645.3523584514023,"c(118004.329718732, -170339.737085924)",#3d405b,2,none,2003,Low,NA,2003,2,Low,over5,many,many,SE_W-over5-Low-many
26,SE_W,33.042015075683594,2206.9287109375,ATWE-THIN-23,UCB fuels project monitoring,UCB F&F protocol,Atwell,645.3523584514023,"c(116641.73986992, -171968.949459821)",#3d405b,3,2021KNP_COMP,2021,Low,GEE,2003,2,Low,under5,many,many,SE_W-under5-Low-many
27,SE_W,37.54486846923828,2213.224609375,ATWE-THIN-24,UCB fuels project monitoring,UCB F&F protocol,Atwell,645.3523584514023,"c(117886.321415579, -171546.51712874)",#3d405b,3,2021KNP_COMP,2021,Low,GEE,2003,2,Low,under5,many,many,SE_W-under5-Low-many
28,SE_W,42.31693649291992,2254.593505859375,ATWE-THIN-25,UCB fuels project monitoring,UCB F&F protocol,Atwell,645.3523584514023,"c(118503.071546156, -170704.786106013)",#3d405b,2,none,2003,Low,NA,2003,2,Low,over5,many,many,SE_W-over5-Low-many
29,SE_W,36.579200744628906,2227.265625,ATWE-THIN-26,UCB fuels project monitoring,UCB F&F protocol,Atwell,645.3523584514023,"c(118407.408829253, -170872.171901822)",#3d405b,2,none,2003,Low,NA,2003,2,Low,over5,many,many,SE_W-over5-Low-many
30,NW_E,22.62585067749023,1953.93603515625,ATWE-THIN-27,UCB fuels project monitoring,UCB F&F protocol,Atwell,645.3523584514023,"c(119621.13856519, -171788.981751747)",#3d405b,2,none,2016,Low,NA,2016,2,Low,over5,many,many,NW_E-over5-Low-many
31,NW_E,33.60770034790039,1980.3216552734375,ATWE-THIN-28,UCB fuels project monitoring,UCB F&F protocol,Atwell,645.3523584514023,"c(117203.951117416, -172740.208393549)",#3d405b,3,2021KNP_COMP,2021,Low,GEE,2003,2,Low,under5,many,many,NW_E-under5-Low-many
32,SE_W,44.59934616088867,2151.1591796875,ATWE-THIN-29,UCB fuels project monitoring,UCB F&F protocol,Atwell,645.3523584514023,"c(118138.745734733, -171155.779194352)",#3d405b,2,none,2003,Low,NA,2003,2,Low,over5,many,many,SE_W-over5-Low-many
33,SE_W,28.882078170776367,2348.85400390625,ATWE-THIN-30,UCB fuels project monitoring,UCB F&F protocol,Atwell,645.3523584514023,"c(118190.347919197, -170529.761237285)",#3d405b,2,none,2003,Low,NA,2003,2,Low,over5,many,many,SE_W-over5-Low-many
34,SE_W,25.87854385375977,2271.357421875,ATWE-THIN-31,UCB fuels project monitoring,UCB F&F protocol,Atwell,645.3523584514023,"c(116585.719789703, -171513.918319812)",#3d405b,3,2021KNP_COMP,2021,Unburned,GEE,2003,2,Low,under5,many,none,SE_W-under5-Unburned-none
35,SE_W,29.441558837890625,2229.573974609375,ATWE-THIN-32,UCB fuels project monitoring,UCB F&F protocol,Atwell,645.3523584514023,"c(117516.867668434, -171871.40398106)",#3d405b,3,2021KNP_COMP,2021,Unburned,GEE,2003,2,Low,under5,many,none,SE_W-under5-Unburned-none
36,SE_W,47.59193420410156,2138.485107421875,ATWE-THIN-33,UCB fuels project monitoring,UCB F&F protocol,Atwell,645.3523584514023,"c(119526.142320471, -171069.103639859)",#3d405b,2,none,2003,Low,NA,2003,2,Low,over5,many,many,SE_W-over5-Low-many
37,SE_W,37.80073165893555,2347.21875,ATWE-THIN-34,UCB fuels project monitoring,UCB F&F protocol,Atwell,645.3523584514023,"c(118031.367534088, -170617.111477267)",#3d405b,2,none,2003,Low,NA,2003,2,Low,over5,many,many,SE_W-over5-Low-many
38,SE_W,35.6234245300293,1944.5865478515625,ATWE-THIN-35,UCB fuels project monitoring,UCB F&F protocol,Atwell,645.3523584514023,"c(119791.179548548, -171869.607565109)",#3d405b,2,none,2016,Low,NA,2016,2,Low,over5,many,many,SE_W-over5-Low-many
39,SE_W,29.753963470458984,2197.71044921875,ATWE-THIN-36,UCB fuels project monitoring,UCB F&F protocol,Atwell,645.3523584514023,"c(117768.25151992, -171784.226969995)",#3d405b,3,2021KNP_COMP,2021,Low,GEE,2003,2,Low,under5,many,many,SE_W-under5-Low-many
40,SE_W,45.14242172241211,2313.26806640625,ATWE-THIN-37,UCB fuels project monitoring,UCB F&F protocol,Atwell,645.3523584514023,"c(117715.24980876, -171338.162959874)",#3d405b,3,2021KNP_COMP,2021,Low,GEE,2003,2,Low,under5,many,many,SE_W-under5-Low-many
41,SE_W,25.4265079498291,2001.6473388671875,ATWE-THIN-38,UCB fuels project monitoring,UCB F&F protocol,Atwell,645.3523584514023,"c(118785.213449446, -171500.858688033)",#3d405b,1,none,2003,Low,NA,2003,1,Low,over5,one,one,SE_W-over5-Low-one
42,SE_W,28.435256958007813,2273.82763671875,ATWE-THIN-39,UCB fuels project monitoring,UCB F&F protocol,Atwell,645.3523584514023,"c(116688.377625649, -171513.618475413)",#3d405b,3,2021KNP_COMP,2021,Low,GEE,2003,2,Low,under5,many,many,SE_W-under5-Low-many
43,NW_E,41.17678451538086,2085.22802734375,ATWE-THIN-40,UCB fuels project monitoring,UCB F&F protocol,Atwell,645.3523584514023,"c(118139.776364348, -171692.591783027)",#3d405b,3,2021KNP_COMP,2021,Low,GEE,2003,2,Low,under5,many,many,NW_E-under5-Low-many
44,SE_W,53.25693893432617,2469.3818359375,ATWE-THIN-41,UCB fuels project monitoring,UCB F&F protocol,Atwell,645.3523584514023,"c(117929.55442112, -170258.974397317)",#3d405b,2,none,2003,Low,NA,2003,2,Low,over5,many,many,SE_W-over5-Low-many
45,SE_W,20.14063835144043,1956.945556640625,128,USGS FF,USGS FF,Atwell,645.3523584514023,"c(119846.469591227, -171876.704335718)",NA,2,none,2016,Low,NA,2016,2,Low,over5,many,many,SE_W-over5-Low-many
46,NW_E,49.15758514404297,1906.6783447265625,460005,USGS SRP,USGS SRP,Atwell,645.3523584514023,"c(117346.704209294, -172827.022445335)",NA,3,2021KNP_COMP,2021,Moderate,GEE,2008,2,Low,under5,many,many,NW_E-under5-Moderate-many
47,SE_W,49.539207458496094,2082.166015625,460127,USGS SRP,USGS SRP,Atwell,645.3523584514023,"c(118547.002896672, -171227.386149042)",NA,2,none,2003,Low,NA,2003,2,Low,over5,many,many,SE_W-over5-Low-many
48,SE_W,17.55583381652832,1905.4105224609375,BS_01_SEGI,SEKI BS Fx,unk,Big Stump,91.96912052530476,"c(91683.3773054911, -143534.3669196)",#243e36,1,none,2017,Low,NA,2017,1,Low,over5,one,one,SE_W-over5-Low-one
49,NW_E,22.84336853027344,1907.420166015625,BS_06_SEGI,SEKI BS Fx,unk,Big Stump,91.96912052530476,"c(92325.1264989023, -144080.717702979)",#243e36,0,none,0,Unburned,NA,0,0,Unburned,over5,one,none,NW_E-over5-Unburned-none
50,SE_W,19.8561954498291,1930.5101318359375,BS_04_SEGI,SEKI BS Fx,unk,Big Stump,91.96912052530476,"c(92795.5520774712, -143582.260972742)",#243e36,0,none,0,Unburned,NA,0,0,Unburned,over5,one,none,SE_W-over5-Unburned-none
51,SE_W,19.080947875976563,1935.527587890625,BS_02_SEGI,SEKI BS Fx,unk,Big Stump,91.96912052530476,"c(92008.0079637052, -143392.024425864)",#243e36,0,none,0,Unburned,NA,0,0,Unburned,over5,one,none,SE_W-over5-Unburned-none
52,SE_W,16.4669246673584,1889.7415771484375,40A,SEKI soundscape,SEKI soundscape,Big Stump,91.96912052530476,"c(92207.75827792, -143727.768768808)",#9ba17f,0,none,0,Unburned,NA,0,0,Unburned,over5,one,none,SE_W-over5-Unburned-none
53,SE_W,16.2736873626709,1895.8450927734375,40B,SEKI soundscape,SEKI soundscape,Big Stump,91.96912052530476,"c(92251.8485615782, -143756.05896387)",#9ba17f,0,none,0,Unburned,NA,0,0,Unburned,over5,one,none,SE_W-over5-Unburned-none
54,SE_W,12.001042366027832,1903.824462890625,40C,SEKI soundscape,SEKI soundscape,Big Stump,91.96912052530476,"c(92252.4387064202, -143707.131167377)",#9ba17f,0,none,0,Unburned,NA,0,0,Unburned,over5,one,none,SE_W-over5-Unburned-none
55,SE_W,34.00838851928711,1930.618896484375,50A,SEKI soundscape,SEKI soundscape,Big Stump,91.96912052530476,"c(92655.5348241184, -143559.29979715)",#9ba17f,0,none,0,Unburned,NA,0,0,Unburned,over5,one,none,SE_W-over5-Unburned-none
56,SE_W,28.70840835571289,1917.79248046875,50B,SEKI soundscape,SEKI soundscape,Big Stump,91.96912052530476,"c(92660.0978373124, -143597.932344393)",#9ba17f,0,none,0,Unburned,NA,0,0,Unburned,over5,one,none,SE_W-over5-Unburned-none
57,SE_W,21.860254287719727,1927.029296875,50C,SEKI soundscape,SEKI soundscape,Big Stump,91.96912052530476,"c(92691.1893446684, -143558.130803043)",#9ba17f,0,none,0,Unburned,NA,0,0,Unburned,over5,one,none,SE_W-over5-Unburned-none
58,SE_W,5.403224945068359,1939.3011474609375,BIST-RX-01,UCB fuels project monitoring,UCB F&F protocol,Big Stump,91.96912052530476,"c(91956.7368982741, -143344.295925921)",#3d405b,0,none,0,Unburned,NA,0,0,Unburned,over5,one,none,SE_W-over5-Unburned-none
59,SE_W,16.450130462646484,1928.1767578125,BIST-RX-02,UCB fuels project monitoring,UCB F&F protocol,Big Stump,91.96912052530476,"c(91949.8076077653, -143593.016035273)",#3d405b,0,none,0,Unburned,NA,0,0,Unburned,over5,one,none,SE_W-over5-Unburned-none
60,SE_W,32.055110931396484,1912.691162109375,BIST-RX-03,UCB fuels project monitoring,UCB F&F protocol,Big Stump,91.96912052530476,"c(92087.3537542015, -143518.715425178)",#3d405b,0,none,0,Unburned,NA,0,0,Unburned,over5,one,none,SE_W-over5-Unburned-none
61,SE_W,13.4486665725708,1924.7857666015625,BIST-RX-04,UCB fuels project monitoring,UCB F&F protocol,Big Stump,91.96912052530476,"c(92285.5946572338, -143546.120463566)",#3d405b,0,none,0,Unburned,NA,0,0,Unburned,over5,one,none,SE_W-over5-Unburned-none
62,SE_W,45.08572769165039,1949.878173828125,BIST-RX-05,UCB fuels project monitoring,UCB F&F protocol,Big Stump,91.96912052530476,"c(92516.4538538539, -143497.247906636)",#3d405b,0,none,0,Unburned,NA,0,0,Unburned,over5,one,none,SE_W-over5-Unburned-none
63,SE_W,12.303507804870604,1889.8013916015625,BIST-RX-06,UCB fuels project monitoring,UCB F&F protocol,Big Stump,91.96912052530476,"c(91883.8144352095, -143726.002936096)",#3d405b,0,none,0,Unburned,NA,0,0,Unburned,over5,one,none,SE_W-over5-Unburned-none
64,SE_W,15.401268005371094,1880.2572021484375,BIST-RX-07,UCB fuels project monitoring,UCB F&F protocol,Big Stump,91.96912052530476,"c(92103.008948192, -143637.476467021)",#3d405b,0,none,0,Unburned,NA,0,0,Unburned,over5,one,none,SE_W-over5-Unburned-none
65,SE_W,6.896144866943359,1901.027587890625,BIST-RX-08,UCB fuels project monitoring,UCB F&F protocol,Big Stump,91.96912052530476,"c(92471.1774577385, -143721.04551687)",#3d405b,0,none,0,Unburned,NA,0,0,Unburned,over5,one,none,SE_W-over5-Unburned-none
66,SE_W,18.9772891998291,1916.3846435546875,BIST-RX-09,UCB fuels project monitoring,UCB F&F protocol,Big Stump,91.96912052530476,"c(92693.4730777013, -143704.384475837)",#3d405b,0,none,0,Unburned,NA,0,0,Unburned,over5,one,none,SE_W-over5-Unburned-none
67,SE_W,17.357463836669922,1893.1058349609375,BIST-RX-10,UCB fuels project monitoring,UCB F&F protocol,Big Stump,91.96912052530476,"c(91696.758243587, -143866.527265576)",#3d405b,1,none,2024,Low,NA,2024,1,Low,under5,one,one,SE_W-under5-Low-one
68,NW_E,22.912425994873047,1874.308837890625,BIST-RX-12,UCB fuels project monitoring,UCB F&F protocol,Big Stump,91.96912052530476,"c(92099.0082861699, -143925.400867177)",#3d405b,0,none,0,Unburned,NA,0,0,Unburned,over5,one,none,NW_E-over5-Unburned-none
69,SE_W,12.121191024780272,1894.3260498046875,BIST-RX-13,UCB fuels project monitoring,UCB F&F protocol,Big Stump,91.96912052530476,"c(92327.2570770386, -143840.66034156)",#3d405b,0,none,0,Unburned,NA,0,0,Unburned,over5,one,none,SE_W-over5-Unburned-none
70,SE_W,51.004302978515625,1974.368408203125,590005,USGS SRP,USGS SRP,Board Camp,47.10818300488199,"c(115148.013365225, -182627.99647689)",NA,1,2020CASTLE,2020,High,GEE,0,0,Unburned,under5,one,one,SE_W-under5-High-one
71,SE_W,55.783111572265625,2047.8079833984375,590013,USGS SRP,USGS SRP,Board Camp,47.10818300488199,"c(115147.205614565, -182227.237034489)",NA,1,2020CASTLE,2020,High,GEE,0,0,Unburned,under5,one,one,SE_W-under5-High-one
72,NW_E,50.23121643066406,2015.234130859375,420003,USGS SRP,USGS SRP,Castle Creek,211.23785065897107,"c(116746.528726978, -166427.702492569)",NA,3,2021KNP_COMP,2021,Moderate,GEE,0,0,Unburned,under5,many,many,NW_E-under5-Moderate-many
73,NW_E,35.32823944091797,1954.317626953125,420016,USGS SRP,USGS SRP,Castle Creek,211.23785065897107,"c(116348.013527427, -166027.996822482)",NA,3,2021KNP_COMP,2021,Low,GEE,0,0,Unburned,under5,many,many,NW_E-under5-Low-many
74,SE_W,49.07877349853515,1550.277587890625,600001,USGS SRP,USGS SRP,Cedar Flat,32.03518804470712,"c(113643.89645404, -183428.515559817)",NA,1,2020CASTLE,2020,Low,GEE,0,0,Unburned,under5,one,one,SE_W-under5-Low-one
75,SE_W,49.86760330200195,1755.6116943359375,FCADE1T09104,SEKI fire effects monitoring plots,SEKI FMH full,East Fork,466.6035547632075,"c(119501.520896585, -172473.781295103)",#687351,3,1991DEER_CRE,2016,Low,extended,2016,2,Low,over5,many,many,SE_W-over5-Low-many
76,SE_W,32.49292755126953,1974.70166015625,FSEGI1T08087,SEKI fire effects monitoring plots,SEKI FMH full,East Fork,466.6035547632075,"c(119880.195456965, -172888.785297791)",#687351,1,1991DEER_CRE,1991,Unburned,extended,0,0,Unburned,over5,one,none,SE_W-over5-Unburned-none
77,NW_E,42.23489761352539,1854.1390380859375,FSEGI1T08088,SEKI fire effects monitoring plots,SEKI FMH full,East Fork,466.6035547632075,"c(119905.815811979, -172558.28556365)",#687351,1,1991DEER_CRE,1991,Low,extended,0,0,Unburned,over5,one,one,NW_E-over5-Low-one
78,SE_W,28.821115493774418,2348.52392578125,EAFR-RX-01-P,UCB fuels project monitoring,UCB F&F protocol,East Fork,466.6035547632075,"c(120744.396574884, -173621.239900648)",#3d405b,1,1991DEER_CRE,1991,Low,extended,0,0,Unburned,over5,one,one,SE_W-over5-Low-one
79,SE_W,28.01889419555664,1965.3948974609375,EAFR-RX-04,UCB fuels project monitoring,UCB F&F protocol,East Fork,466.6035547632075,"c(119826.132316509, -172956.659731009)",#3d405b,1,1991DEER_CRE,1991,Unburned,extended,0,0,Unburned,over5,one,none,SE_W-over5-Unburned-none
80,SE_W,21.74044418334961,2052.434326171875,EAFR-RX-05,UCB fuels project monitoring,UCB F&F protocol,East Fork,466.6035547632075,"c(120008.98774169, -173295.954304715)",#3d405b,1,1991DEER_CRE,1991,Low,extended,0,0,Unburned,over5,one,one,SE_W-over5-Low-one
81,NW_E,38.15315628051758,2186.260986328125,EAFR-RX-09,UCB fuels project monitoring,UCB F&F protocol,East Fork,466.6035547632075,"c(120054.82950061, -173720.319563654)",#3d405b,1,1991DEER_CRE,1991,Unburned,extended,0,0,Unburned,over5,one,none,NW_E-over5-Unburned-none
82,NW_E,66.22655487060547,1956.0181884765625,EAFR-RX-10-P,UCB fuels project monitoring,UCB F&F protocol,East Fork,466.6035547632075,"c(118931.797406798, -173934.712915979)",#3d405b,2,none,2002,Low,NA,2002,2,Low,over5,many,many,NW_E-over5-Low-many
82,NW_E,66.22655487060547,1956.0181884765625,EAFR-RX-10-P,UCB fuels project monitoring,UCB F&F protocol,East Fork,466.6035547632075,"c(118931.797406798, -173934.712915979)",#3d405b,2,none,2002,Low,NA,2002,2,Low,over5,many,many,NW_E-over5-Low-many
83,SE_W,26.62162399291992,1969.22900390625,EAFR-RX-13-P,UCB fuels project monitoring,UCB F&F protocol,East Fork,466.6035547632075,"c(119021.826224561, -173778.563096757)",#3d405b,2,none,2002,Low,NA,2002,2,Low,over5,many,many,SE_W-over5-Low-many
83,SE_W,26.62162399291992,1969.22900390625,EAFR-RX-13-P,UCB fuels project monitoring,UCB F&F protocol,East Fork,466.6035547632075,"c(119021.826224561, -173778.563096757)",#3d405b,2,none,2002,Low,NA,2002,2,Low,over5,many,many,SE_W-over5-Low-many
84,SE_W,36.41563034057617,2061.958984375,EAFR-RX-15,UCB fuels project monitoring,UCB F&F protocol,East Fork,466.6035547632075,"c(120020.168008627, -173149.642011534)",#3d405b,1,1991DEER_CRE,1991,High,extended,0,0,Unburned,over5,one,one,SE_W-over5-High-one
85,SE_W,50.69204330444336,1842.522216796875,EAFR-RX-16,UCB fuels project monitoring,UCB F&F protocol,East Fork,466.6035547632075,"c(119387.354915411, -172992.297455245)",#3d405b,1,1991DEER_CRE,1991,Unburned,extended,0,0,Unburned,over5,one,none,SE_W-over5-Unburned-none
86,NW_E,39.75837707519531,1998.056884765625,EAFR-RX-18,UCB fuels project monitoring,UCB F&F protocol,East Fork,466.6035547632075,"c(120511.453714745, -172770.235542508)",#3d405b,1,1991DEER_CRE,1991,Unburned,extended,0,0,Unburned,over5,one,none,NW_E-over5-Unburned-none
87,SE_W,30.39168930053711,1932.156005859375,EAFR-RX-19-P,UCB fuels project monitoring,UCB F&F protocol,East Fork,466.6035547632075,"c(118931.96941205, -173621.048371586)",#3d405b,2,none,2002,Low,NA,2002,2,Low,over5,many,many,SE_W-over5-Low-many
87,SE_W,30.39168930053711,1932.156005859375,EAFR-RX-19-P,UCB fuels project monitoring,UCB F&F protocol,East Fork,466.6035547632075,"c(118931.96941205, -173621.048371586)",#3d405b,2,none,2002,Low,NA,2002,2,Low,over5,many,many,SE_W-over5-Low-many
88,NW_E,36.82001876831055,1931.175537109375,EAFR-RX-21,UCB fuels project monitoring,UCB F&F protocol,East Fork,466.6035547632075,"c(120105.279591849, -172679.854675195)",#3d405b,1,1991DEER_CRE,1991,Low,extended,0,0,Unburned,over5,one,one,NW_E-over5-Low-one
89,SE_W,29.471773147583008,1847.7528076171875,EAFR-RX-22,UCB fuels project monitoring,UCB F&F protocol,East Fork,466.6035547632075,"c(119388.473041246, -172836.346861629)",#3d405b,1,1991DEER_CRE,1991,Low,extended,0,0,Unburned,over5,one,one,SE_W-over5-Low-one
90,NW_E,46.95658874511719,1955.1099853515625,EAFR-RX-23,UCB fuels project monitoring,UCB F&F protocol,East Fork,466.6035547632075,"c(119109.61913431, -173461.336783451)",#3d405b,2,none,2002,Low,NA,2002,2,Low,over5,many,many,NW_E-over5-Low-many
90,NW_E,46.95658874511719,1955.1099853515625,EAFR-RX-23,UCB fuels project monitoring,UCB F&F protocol,East Fork,466.6035547632075,"c(119109.61913431, -173461.336783451)",#3d405b,2,none,2002,Low,NA,2002,2,Low,over5,many,many,NW_E-over5-Low-many
91,NW_E,42.00914001464844,1884.8428955078125,EAFR-RX-24-P,UCB fuels project monitoring,UCB F&F protocol,East Fork,466.6035547632075,"c(119430.237042792, -173228.60530756)",#3d405b,1,1991DEER_CRE,1991,Unburned,extended,0,0,Unburned,over5,one,none,NW_E-over5-Unburned-none
92,SE_W,41.00436782836914,2206.29736328125,EAFR-RX-25-P,UCB fuels project monitoring,UCB F&F protocol,East Fork,466.6035547632075,"c(120381.862353911, -173306.941153526)",#3d405b,1,1991DEER_CRE,1991,Moderate,extended,0,0,Unburned,over5,one,one,SE_W-over5-Moderate-one
93,NW_E,56.05271530151367,1930.2132568359375,EAFR-RX-26,UCB fuels project monitoring,UCB F&F protocol,East Fork,466.6035547632075,"c(119883.325300598, -172759.460485885)",#3d405b,1,1991DEER_CRE,1991,Low,extended,0,0,Unburned,over5,one,one,NW_E-over5-Low-one
94,SE_W,41.85580062866211,2113.241455078125,EAFR-RX-27-P,UCB fuels project monitoring,UCB F&F protocol,East Fork,466.6035547632075,"c(120200.042511167, -173307.641934333)",#3d405b,1,1991DEER_CRE,1991,Low,extended,0,0,Unburned,over5,one,one,SE_W-over5-Low-one
95,NW_E,41.29636764526367,1810.648193359375,EAFR-RX-28-P,UCB fuels project monitoring,UCB F&F protocol,East Fork,466.6035547632075,"c(118342.705440476, -174170.670946138)",#3d405b,2,none,2002,Low,NA,2002,2,Low,over5,many,many,NW_E-over5-Low-many
95,NW_E,41.29636764526367,1810.648193359375,EAFR-RX-28-P,UCB fuels project monitoring,UCB F&F protocol,East Fork,466.6035547632075,"c(118342.705440476, -174170.670946138)",#3d405b,2,none,2002,Low,NA,2002,2,Low,over5,many,many,NW_E-over5-Low-many
96,NW_E,73.28504180908203,1768.404052734375,EAFR-RX-29,UCB fuels project monitoring,UCB F&F protocol,East Fork,466.6035547632075,"c(119340.06340154, -172602.291795246)",#3d405b,1,1991DEER_CRE,1991,Unburned,extended,0,0,Unburned,over5,one,none,NW_E-over5-Unburned-none
97,NW_E,31.65016746520996,2009.712646484375,EAFR-RX-30-P,UCB fuels project monitoring,UCB F&F protocol,East Fork,466.6035547632075,"c(119203.746996272, -173621.53106346)",#3d405b,2,none,2002,Low,NA,2002,2,Low,over5,many,many,NW_E-over5-Low-many
97,NW_E,31.65016746520996,2009.712646484375,EAFR-RX-30-P,UCB fuels project monitoring,UCB F&F protocol,East Fork,466.6035547632075,"c(119203.746996272, -173621.53106346)",#3d405b,2,none,2002,Low,NA,2002,2,Low,over5,many,many,NW_E-over5-Low-many
98,NW_E,45.110591888427734,2306.933837890625,490036,USGS SRP,USGS SRP,East Fork,466.6035547632075,"c(120349.311904068, -173826.092782892)",NA,1,1991DEER_CRE,1991,Unburned,extended,0,0,Unburned,over5,one,none,NW_E-over5-Unburned-none
99,NW_E,68.827789306640625,1788.4921875,490100,USGS SRP,USGS SRP,East Fork,466.6035547632075,"c(119348.57692305, -172627.906109565)",NA,1,1991DEER_CRE,1991,Unburned,extended,0,0,Unburned,over5,one,none,NW_E-over5-Unburned-none
100,NW_E,45.14065170288086,2288.422119140625,540019,USGS SRP,USGS SRP,Eden Creek,330.6288391195486,"c(113948.01359604, -179227.9967185)",NA,1,2024COFFEE,2024,Low,ravg,0,0,Unburned,under5,one,one,NW_E-under5-Low-one
101,NW_E,50.48638153076172,2134.9697265625,540024,USGS SRP,USGS SRP,Eden Creek,330.6288391195486,"c(113348.016278084, -179027.996653983)",NA,2,2024COFFEE,2024,Unburned,ravg,0,0,Unburned,under5,many,none,NW_E-under5-Unburned-none
102,NW_E,37.28090286254883,2149.425537109375,540026,USGS SRP,USGS SRP,Eden Creek,330.6288391195486,"c(113748.013930652, -179027.997221489)",NA,2,2024COFFEE,2024,Unburned,ravg,0,0,Unburned,under5,many,none,NW_E-under5-Unburned-none
103,NW_E,29.30857276916504,1864.3629150390625,540040,USGS SRP,USGS SRP,Eden Creek,330.6288391195486,"c(112748.017330177, -178627.996530664)",NA,2,2024COFFEE,2024,Low,ravg,0,0,Unburned,under5,many,many,NW_E-under5-Low-many
104,NW_E,27.801130294799805,1887.0206298828125,540041,USGS SRP,USGS SRP,Eden Creek,330.6288391195486,"c(112948.010782585, -178627.997133286)",NA,2,2024COFFEE,2024,Low,ravg,0,0,Unburned,under5,many,many,NW_E-under5-Low-many
105,NW_E,21.260892868041992,2310.138671875,FSEGI1T08022,SEKI fire effects monitoring plots,SEKI FMH full,Garfield,747.700354227087,"c(116302.534496769, -186183.527152414)",#687351,2,2020CASTLE,2020,Low,GEE,1985,1,Low,under5,many,many,NW_E-under5-Low-many
106,SE_W,23.865406036376953,2238.258544921875,FSEGI1T08032,SEKI fire effects monitoring plots,SEKI FMH full,Garfield,747.700354227087,"c(115520.600316307, -186931.530720105)",#687351,2,2020CASTLE,2020,Low,GEE,0,0,Unburned,under5,many,many,SE_W-under5-Low-many
107,NW_E,47.4775390625,2200.054931640625,FSEGI1T08033,SEKI fire effects monitoring plots,SEKI FMH full,Garfield,747.700354227087,"c(114796.664243585, -186753.815920772)",#687351,1,2020CASTLE,2020,Unburned,GEE,0,0,Unburned,under5,one,none,NW_E-under5-Unburned-none
108,SE_W,51.526424407958984,2129.74658203125,FSEGI1T08023,SEKI fire effects monitoring plots,SEKI FMH full,Garfield,747.700354227087,"c(115904.455369682, -185882.364101202)",#687351,3,2020CASTLE,2020,Low,GEE,1985,1,Low,under5,many,many,SE_W-under5-Low-many
109,NW_E,28.59198570251465,1878.6070556640625,4,USGS FF,USGS FF,Garfield,747.700354227087,"c(115146.287228382, -185428.103993785)",NA,2,2020CASTLE,2020,Unburned,GEE,0,0,Unburned,under5,many,none,NW_E-under5-Unburned-none
110,SE_W,31.81018829345703,1899.3319091796875,FSEGI1T08074,SEKI fire effects monitoring plots,SEKI FMH full,General Grant,100.63035335778288,"c(91253.4160074826, -140848.575133475)",#687351,1,none,1990,Low,NA,1990,1,Low,over5,one,one,SE_W-over5-Low-one
111,SE_W,31.31727409362793,1821.7125244140625,FCADE1T09063,SEKI fire effects monitoring plots,SEKI FMH full,General Grant,100.63035335778288,"c(90814.0287947431, -140057.763137683)",#687351,4,2015ROUGH,2015,Moderate,extended,2005,3,Low,over5,many,many,SE_W-over5-Moderate-many
111,SE_W,31.31727409362793,1821.7125244140625,FCADE1T09063,SEKI fire effects monitoring plots,SEKI FMH full,General Grant,100.63035335778288,"c(90814.0287947431, -140057.763137683)",#687351,4,2015ROUGH,2015,Moderate,extended,2005,3,Low,over5,many,many,SE_W-over5-Moderate-many
112,SE_W,9.771140098571776,1932.0433349609375,30A,SEKI soundscape,SEKI soundscape,General Grant,100.63035335778288,"c(91666.1949739564, -140566.667629188)",#9ba17f,1,none,2024,Low,NA,2024,1,Low,under5,one,one,SE_W-under5-Low-one
113,SE_W,9.417052268981934,1936.0926513671875,30B,SEKI soundscape,SEKI soundscape,General Grant,100.63035335778288,"c(91696.5582484378, -140550.376577171)",#9ba17f,1,none,2024,Low,NA,2024,1,Low,under5,one,one,SE_W-under5-Low-one
114,SE_W,20.240400314331055,1933.7515869140625,30C,SEKI soundscape,SEKI soundscape,General Grant,100.63035335778288,"c(91695.763356835, -140612.478526569)",#9ba17f,1,none,2024,Low,NA,2024,1,Low,under5,one,one,SE_W-under5-Low-one
115,SE_W,11.4905366897583,1908.98486328125,20A,SEKI soundscape,SEKI soundscape,General Grant,100.63035335778288,"c(91304.652323326, -140643.593076097)",#9ba17f,1,none,1990,Low,NA,1990,1,Low,over5,one,one,SE_W-over5-Low-one
116,SE_W,31.751394271850582,1893.010986328125,20B,SEKI soundscape,SEKI soundscape,General Grant,100.63035335778288,"c(91290.66346757, -140709.750915878)",#9ba17f,1,none,1990,Low,NA,1990,1,Low,over5,one,one,SE_W-over5-Low-one
117,SE_W,18.051782608032227,1899.7584228515625,20C,SEKI soundscape,SEKI soundscape,General Grant,100.63035335778288,"c(91288.832417721, -140673.538921103)",#9ba17f,1,none,1990,Low,NA,1990,1,Low,over5,one,one,SE_W-over5-Low-one
118,NW_E,23.569503784179688,1881.6480712890625,10A,SEKI soundscape,SEKI soundscape,General Grant,100.63035335778288,"c(91166.2131190574, -140858.986892423)",#9ba17f,1,none,1990,Low,NA,1990,1,Low,over5,one,one,NW_E-over5-Low-one
119,SE_W,8.053133964538574,1877.910888671875,10B,SEKI soundscape,SEKI soundscape,General Grant,100.63035335778288,"c(91178.0934079424, -140826.556778509)",#9ba17f,1,none,1990,Low,NA,1990,1,Low,over5,one,one,SE_W-over5-Low-one
120,NW_E,21.92748260498047,1888.5445556640625,10C,SEKI soundscape,SEKI soundscape,General Grant,100.63035335778288,"c(91211.6571004338, -140865.431973596)",#9ba17f,1,none,1990,Low,NA,1990,1,Low,over5,one,one,NW_E-over5-Low-one
121,SE_W,12.966882705688477,1832.014892578125,70A,SEKI soundscape,SEKI soundscape,General Grant,100.63035335778288,"c(90752.1906369506, -140593.599916322)",#9ba17f,1,2015ROUGH,2015,Moderate,extended,0,0,Unburned,over5,one,one,SE_W-over5-Moderate-one
122,SE_W,14.291736602783203,1834.5025634765625,70B,SEKI soundscape,SEKI soundscape,General Grant,100.63035335778288,"c(90783.4262433379, -140628.720858956)",#9ba17f,1,2015ROUGH,2015,Moderate,extended,0,0,Unburned,over5,one,one,SE_W-over5-Moderate-one
123,SE_W,25.904794692993164,1847.1356201171875,70C,SEKI soundscape,SEKI soundscape,General Grant,100.63035335778288,"c(90790.1387475512, -140559.86294501)",#9ba17f,1,2015ROUGH,2015,Moderate,extended,0,0,Unburned,over5,one,one,SE_W-over5-Moderate-one
124,NW_E,35.284385681152344,1816.2227783203125,60A,SEKI soundscape,SEKI soundscape,General Grant,100.63035335778288,"c(90767.007367815, -140363.510584138)",#9ba17f,1,2015ROUGH,2015,Moderate,extended,0,0,Unburned,over5,one,one,NW_E-over5-Moderate-one
125,SE_W,11.160334587097168,1811.5421142578125,60B,SEKI soundscape,SEKI soundscape,General Grant,100.63035335778288,"c(90756.0090506077, -140319.362516885)",#9ba17f,1,2015ROUGH,2015,Moderate,extended,0,0,Unburned,over5,one,one,SE_W-over5-Moderate-one
126,SE_W,22.63035011291504,1820.541015625,60C,SEKI soundscape,SEKI soundscape,General Grant,100.63035335778288,"c(90713.536331577, -140351.840220514)",#9ba17f,1,2015ROUGH,2015,Moderate,extended,0,0,Unburned,over5,one,one,SE_W-over5-Moderate-one
127,SE_W,29.64303398132324,1821.697265625,80A,SEKI soundscape,SEKI soundscape,General Grant,100.63035335778288,"c(90875.6906257941, -140042.788251263)",#9ba17f,4,2015ROUGH,2015,Low,extended,2005,3,Low,over5,many,many,SE_W-over5-Low-many
127,SE_W,29.64303398132324,1821.697265625,80A,SEKI soundscape,SEKI soundscape,General Grant,100.63035335778288,"c(90875.6906257941, -140042.788251263)",#9ba17f,4,2015ROUGH,2015,Low,extended,2005,3,Low,over5,many,many,SE_W-over5-Low-many
128,SE_W,31.31727409362793,1821.7125244140625,80B,SEKI soundscape,SEKI soundscape,General Grant,100.63035335778288,"c(90816.9510464656, -140059.316652118)",#9ba17f,4,2015ROUGH,2015,Moderate,extended,2005,3,Low,over5,many,many,SE_W-over5-Moderate-many
128,SE_W,31.31727409362793,1821.7125244140625,80B,SEKI soundscape,SEKI soundscape,General Grant,100.63035335778288,"c(90816.9510464656, -140059.316652118)",#9ba17f,4,2015ROUGH,2015,Moderate,extended,2005,3,Low,over5,many,many,SE_W-over5-Moderate-many
129,NW_E,27.373889923095703,1809.740966796875,80C,SEKI soundscape,SEKI soundscape,General Grant,100.63035335778288,"c(90851.7302688828, -140007.437658195)",#9ba17f,4,2015ROUGH,2015,Low,extended,2005,3,Low,over5,many,many,NW_E-over5-Low-many
129,NW_E,27.373889923095703,1809.740966796875,80C,SEKI soundscape,SEKI soundscape,General Grant,100.63035335778288,"c(90851.7302688828, -140007.437658195)",#9ba17f,4,2015ROUGH,2015,Low,extended,2005,3,Low,over5,many,many,NW_E-over5-Low-many
130,NW_E,35.889827728271484,1859.003662109375,90A,SEKI soundscape,SEKI soundscape,General Grant,100.63035335778288,"c(91020.0796233528, -140258.520208818)",#9ba17f,4,2015ROUGH,2015,Unburned,extended,1993,3,Low,over5,many,none,NW_E-over5-Unburned-none
131,NW_E,34.77006912231445,1863.3023681640625,90B,SEKI soundscape,SEKI soundscape,General Grant,100.63035335778288,"c(91061.9549392683, -140282.345607004)",#9ba17f,4,2015ROUGH,2015,Unburned,extended,1993,3,Low,over5,many,none,NW_E-over5-Unburned-none
132,SE_W,11.605091094970703,1871.3106689453125,90C,SEKI soundscape,SEKI soundscape,General Grant,100.63035335778288,"c(91046.2612016149, -140307.334652997)",#9ba17f,4,2015ROUGH,2015,Unburned,extended,1993,3,Low,over5,many,none,SE_W-over5-Unburned-none
133,SE_W,17.209692001342773,1854.9439697265625,GRGR-RX-01,UCB fuels project monitoring,UCB F&F protocol,General Grant,100.63035335778288,"c(90893.2657997816, -139742.814164164)",#3d405b,4,2015ROUGH,2015,Moderate,extended,2005,3,Low,over5,many,many,SE_W-over5-Moderate-many
133,SE_W,17.209692001342773,1854.9439697265625,GRGR-RX-01,UCB fuels project monitoring,UCB F&F protocol,General Grant,100.63035335778288,"c(90893.2657997816, -139742.814164164)",#3d405b,4,2015ROUGH,2015,Moderate,extended,2005,3,Low,over5,many,many,SE_W-over5-Moderate-many
134,SE_W,31.9385986328125,1812.560546875,GRGR-RX-02,UCB fuels project monitoring,UCB F&F protocol,General Grant,100.63035335778288,"c(90780.1183120832, -139942.103126456)",#3d405b,4,2015ROUGH,2015,Low,extended,2005,3,Low,over5,many,many,SE_W-over5-Low-many
134,SE_W,31.9385986328125,1812.560546875,GRGR-RX-02,UCB fuels project monitoring,UCB F&F protocol,General Grant,100.63035335778288,"c(90780.1183120832, -139942.103126456)",#3d405b,4,2015ROUGH,2015,Low,extended,2005,3,Low,over5,many,many,SE_W-over5-Low-many
135,NW_E,14.705755233764648,1805.16064453125,GRGR-RX-03,UCB fuels project monitoring,UCB F&F protocol,General Grant,100.63035335778288,"c(90811.909567667, -139988.112035922)",#3d405b,4,2015ROUGH,2015,Low,extended,2005,3,Low,over5,many,many,NW_E-over5-Low-many
135,NW_E,14.705755233764648,1805.16064453125,GRGR-RX-03,UCB fuels project monitoring,UCB F&F protocol,General Grant,100.63035335778288,"c(90811.909567667, -139988.112035922)",#3d405b,4,2015ROUGH,2015,Low,extended,2005,3,Low,over5,many,many,NW_E-over5-Low-many
136,NW_E,39.50947189331055,1840.86181640625,GRGR-RX-04,UCB fuels project monitoring,UCB F&F protocol,General Grant,100.63035335778288,"c(90905.1378019823, -140216.638816347)",#3d405b,2,2015ROUGH,2015,Low,extended,1992,1,Low,over5,many,many,NW_E-over5-Low-many
137,SE_W,25.009445190429688,1892.7557373046875,GRGR-RX-05,UCB fuels project monitoring,UCB F&F protocol,General Grant,100.63035335778288,"c(91213.4984034414, -140424.839221188)",#3d405b,4,2015ROUGH,2015,Low,extended,2005,3,Low,over5,many,many,SE_W-over5-Low-many
137,SE_W,25.009445190429688,1892.7557373046875,GRGR-RX-05,UCB fuels project monitoring,UCB F&F protocol,General Grant,100.63035335778288,"c(91213.4984034414, -140424.839221188)",#3d405b,4,2015ROUGH,2015,Low,extended,2005,3,Low,over5,many,many,SE_W-over5-Low-many
138,NW_E,27.1091365814209,1855.17138671875,GRGR-RX-06,UCB fuels project monitoring,UCB F&F protocol,General Grant,100.63035335778288,"c(90758.3108751904, -140825.994815473)",#3d405b,0,none,0,Unburned,NA,0,0,Unburned,over5,one,none,NW_E-over5-Unburned-none
139,SE_W,21.333343505859375,1897.492431640625,GRGR-RX-07,UCB fuels project monitoring,UCB F&F protocol,General Grant,100.63035335778288,"c(91157.6257397712, -140668.086497057)",#3d405b,4,2015ROUGH,2015,Low,extended,1993,3,Low,over5,many,many,SE_W-over5-Low-many
140,SE_W,19.017303466796875,1903.3035888671875,GRGR-RX-08,UCB fuels project monitoring,UCB F&F protocol,General Grant,100.63035335778288,"c(91347.6129494086, -140631.356247589)",#3d405b,1,none,1990,Low,NA,1990,1,Low,over5,one,one,SE_W-over5-Low-one
141,NW_E,15.449360847473145,1933.52197265625,GRGR-RX-09,UCB fuels project monitoring,UCB F&F protocol,General Grant,100.63035335778288,"c(91608.074209327, -140737.244244823)",#3d405b,2,none,2011,Low,NA,2011,2,Low,over5,many,many,NW_E-over5-Low-many
142,SE_W,14.79387664794922,1948.6827392578125,GRGR-RX-10,UCB fuels project monitoring,UCB F&F protocol,General Grant,100.63035335778288,"c(91595.9461200857, -140440.933457041)",#3d405b,2,none,2005,Low,NA,2005,2,Low,over5,many,many,SE_W-over5-Low-many
142,SE_W,14.79387664794922,1948.6827392578125,GRGR-RX-10,UCB fuels project monitoring,UCB F&F protocol,General Grant,100.63035335778288,"c(91595.9461200857, -140440.933457041)",#3d405b,2,none,2005,Low,NA,2005,2,Low,over5,many,many,SE_W-over5-Low-many
143,SE_W,21.05390739440918,1976.1968994140625,GRGR-RX-11,UCB fuels project monitoring,UCB F&F protocol,General Grant,100.63035335778288,"c(91854.8987008021, -140309.742961225)",#3d405b,4,none,2005,Low,NA,2005,4,Low,over5,many,many,SE_W-over5-Low-many
143,SE_W,21.05390739440918,1976.1968994140625,GRGR-RX-11,UCB fuels project monitoring,UCB F&F protocol,General Grant,100.63035335778288,"c(91854.8987008021, -140309.742961225)",#3d405b,4,none,2005,Low,NA,2005,4,Low,over5,many,many,SE_W-over5-Low-many
144,SE_W,22.968669891357425,1855.8387451171875,260030,USGS SRP,USGS SRP,General Grant,100.63035335778288,"c(91147.1925889725, -140228.151714468)",NA,4,2015ROUGH,2015,Low,extended,2005,3,Low,over5,many,many,SE_W-over5-Low-many
144,SE_W,22.968669891357425,1855.8387451171875,260030,USGS SRP,USGS SRP,General Grant,100.63035335778288,"c(91147.1925889725, -140228.151714468)",NA,4,2015ROUGH,2015,Low,extended,2005,3,Low,over5,many,many,SE_W-over5-Low-many
145,SE_W,12.61266803741455,1988.33642578125,FABCO1T08013,SEKI fire effects monitoring plots,SEKI FMH full,Giant Forest,1190.2242821731234,"c(110864.791193275, -162153.937243649)",#687351,5,2021KNP_COMP,2021,Low,GEE,2010,3,Low,under5,many,many,SE_W-under5-Low-many
146,SE_W,23.630157470703125,2059.205810546875,FSEGI1T08015,SEKI fire effects monitoring plots,SEKI FMH full,Giant Forest,1190.2242821731234,"c(110219.608655098, -161395.589804194)",#687351,4,none,2011,Low,NA,2011,4,Low,over5,many,many,SE_W-over5-Low-many
147,NW_E,35.28982925415039,1954.8433837890625,FSEGI1T08027,SEKI fire effects monitoring plots,SEKI FMH full,Giant Forest,1190.2242821731234,"c(110090.280100451, -159595.868714637)",#687351,1,2021KNP_COMP,2021,Low,GEE,0,0,Unburned,under5,one,one,NW_E-under5-Low-one
148,NW_E,30.001148223876953,2303.875,FSEGI1T08043,SEKI fire effects monitoring plots,SEKI FMH full,Giant Forest,1190.2242821731234,"c(112448.832992128, -159269.151779791)",#687351,3,none,2022,Low,NA,2022,3,Low,under5,many,many,NW_E-under5-Low-many
149,SE_W,16.468807220458984,2088.839111328125,FSEGI1T08052,SEKI fire effects monitoring plots,SEKI FMH full,Giant Forest,1190.2242821731234,"c(111187.830323041, -161622.6852702)",#687351,3,none,2011,Low,NA,2011,3,Low,over5,many,many,SE_W-over5-Low-many
150,NW_E,8.585268020629883,2115.483154296875,FSEGI1T08067,SEKI fire effects monitoring plots,SEKI FMH full,Giant Forest,1190.2242821731234,"c(110953.770940289, -159700.988602667)",#687351,3,none,2019,Low,NA,2019,3,Low,over5,many,many,NW_E-over5-Low-many
151,SE_W,21.484643936157227,2184.03759765625,FSEGI1T08068,SEKI fire effects monitoring plots,SEKI FMH full,Giant Forest,1190.2242821731234,"c(111890.376460507, -159811.825630191)",#687351,4,2002CIRCLE,2022,Low,GEE,2022,3,Low,under5,many,many,SE_W-under5-Low-many
152,NW_E,42.11512756347656,2081.310791015625,FSEGI1T08079,SEKI fire effects monitoring plots,SEKI FMH full,Giant Forest,1190.2242821731234,"c(110970.212513881, -159556.167678544)",#687351,2,none,2019,Low,NA,2019,2,Low,over5,many,many,NW_E-over5-Low-many
153,NW_E,40.3808708190918,2070.885009765625,FSEGI1T08080,SEKI fire effects monitoring plots,SEKI FMH full,Giant Forest,1190.2242821731234,"c(110825.621788251, -159596.791369922)",#687351,3,none,2019,Low,NA,2019,3,Low,over5,many,many,NW_E-over5-Low-many
154,SE_W,8.944108963012695,2134.79345703125,FSEGI1T08081,SEKI fire effects monitoring plots,SEKI FMH full,Giant Forest,1190.2242821731234,"c(111609.250296973, -159608.220028908)",#687351,0,none,0,Unburned,NA,0,0,Unburned,over5,one,none,SE_W-over5-Unburned-none
155,SE_W,7.833808422088623,2150.700927734375,FSEGI1T08082,SEKI fire effects monitoring plots,SEKI FMH full,Giant Forest,1190.2242821731234,"c(111784.242772542, -160186.947400054)",#687351,3,none,2022,Low,NA,2022,3,Low,under5,many,many,SE_W-under5-Low-many
156,SE_W,16.99163246154785,1974.4716796875,FSEGI1T08085,SEKI fire effects monitoring plots,SEKI FMH full,Giant Forest,1190.2242821731234,"c(109650.327369153, -161242.131126276)",#687351,1,2021KNP_COMP,2021,High,GEE,0,0,Unburned,under5,one,one,SE_W-under5-High-one
157,SE_W,8.875267028808594,1988.9759521484375,FSEGI1T08086,SEKI fire effects monitoring plots,SEKI FMH full,Giant Forest,1190.2242821731234,"c(109754.589820502, -161381.151008196)",#687351,1,2021KNP_COMP,2021,Low,GEE,0,0,Unburned,under5,one,one,SE_W-under5-Low-one
158,SE_W,13.00024700164795,2078.192626953125,FSEGI1T08024,SEKI fire effects monitoring plots,SEKI FMH full,Giant Forest,1190.2242821731234,"c(110481.138466737, -161388.368192317)",#687351,3,none,2011,Low,NA,2011,3,Low,over5,many,many,SE_W-over5-Low-many
159,SE_W,21.22442626953125,2035.55712890625,FSEGI1T08042,SEKI fire effects monitoring plots,SEKI FMH full,Giant Forest,1190.2242821731234,"c(110434.074371665, -161576.239346032)",#687351,2,none,2011,Low,NA,2011,2,Low,over5,many,many,SE_W-over5-Low-many
160,SE_W,6.714075565338135,1966.591796875,FSEGI1T08106,SEKI fire effects monitoring plots,SEKI FMH full,Giant Forest,1190.2242821731234,"c(110238.280002673, -160461.041852877)",#687351,1,none,1999,Low,NA,1999,1,Low,over5,one,one,SE_W-over5-Low-one
161,NW_E,32.770668029785156,1953.771728515625,FSEGI1T08111,SEKI fire effects monitoring plots,SEKI FMH full,Giant Forest,1190.2242821731234,"c(110733.971420354, -159190.813378768)",#687351,1,2021KNP_COMP,2021,Low,GEE,0,0,Unburned,under5,one,one,NW_E-under5-Low-one
162,NW_E,12.275307655334473,1996.323486328125,26,USGS FF,USGS FF,Giant Forest,1190.2242821731234,"c(110017.040830185, -162292.248906748)",NA,1,2021KNP_COMP,2021,Unburned,GEE,0,0,Unburned,under5,one,none,NW_E-under5-Unburned-none
163,NW_E,36.5717658996582,1992.630615234375,29,USGS FF,USGS FF,Giant Forest,1190.2242821731234,"c(111290.602958009, -159098.468241129)",NA,3,2021KNP_COMP,2021,Unburned,GEE,2019,2,Low,under5,many,none,NW_E-under5-Unburned-none
164,SE_W,6.018604278564453,2123.078857421875,129,USGS FF,USGS FF,Giant Forest,1190.2242821731234,"c(111476.846934909, -160083.485118454)",NA,2,none,1999,Low,NA,1999,2,Low,over5,many,many,SE_W-over5-Low-many
165,SE_W,22.682872772216797,2104.36083984375,137,USGS FF,USGS FF,Giant Forest,1190.2242821731234,"c(111246.321586761, -161081.72370926)",NA,4,2003GIANT,2022,Low,extended,2022,3,Low,under5,many,many,SE_W-under5-Low-many
166,SE_W,37.35930633544922,2199.123046875,162,USGS FF,USGS FF,Giant Forest,1190.2242821731234,"c(112970.478527433, -160602.186852032)",NA,0,none,0,Unburned,NA,0,0,Unburned,over5,one,none,SE_W-over5-Unburned-none
167,NW_E,30.40980339050293,2117.59033203125,164,USGS FF,USGS FF,Giant Forest,1190.2242821731234,"c(112801.042312494, -161127.969946843)",NA,0,none,0,Unburned,NA,0,0,Unburned,over5,one,none,NW_E-over5-Unburned-none
168,SE_W,7.205126762390137,2110.406005859375,423,USGS FF,USGS FF,Giant Forest,1190.2242821731234,"c(111408.56245366, -159790.815105273)",NA,1,none,1982,Low,NA,1982,1,Low,over5,one,one,SE_W-over5-Low-one
169,SE_W,7.205126762390137,2110.406005859375,450,USGS FF,USGS FF,Giant Forest,1190.2242821731234,"c(111408.526693363, -159790.814464027)",NA,1,none,1982,Low,NA,1982,1,Low,over5,one,one,SE_W-over5-Low-one
170,SE_W,7.205126762390137,2110.406005859375,652,USGS FF,USGS FF,Giant Forest,1190.2242821731234,"c(111408.526693363, -159790.814464027)",NA,1,none,1982,Low,NA,1982,1,Low,over5,one,one,SE_W-over5-Low-one
171,SE_W,12.17165470123291,2050.371337890625,380112,USGS SRP,USGS SRP,Giant Forest,1190.2242821731234,"c(109948.01278426, -161027.997003647)",NA,2,none,2014,Low,NA,2014,2,Low,over5,many,many,SE_W-over5-Low-many
172,NW_E,18.54253578186035,2023.13916015625,380134,USGS SRP,USGS SRP,Giant Forest,1190.2242821731234,"c(109947.670593388, -160828.013138494)",NA,2,none,2014,Low,NA,2014,2,Low,over5,many,many,NW_E-over5-Low-many
173,SE_W,29.868772506713867,2189.916015625,380167,USGS SRP,USGS SRP,Giant Forest,1190.2242821731234,"c(112946.833955038, -160628.915234972)",NA,0,none,0,Unburned,NA,0,0,Unburned,over5,one,none,SE_W-over5-Unburned-none
174,SE_W,27.768739700317383,1931.8677978515625,380197,USGS SRP,USGS SRP,Giant Forest,1190.2242821731234,"c(109549.120102184, -160228.240321828)",NA,1,2021KNP_COMP,2021,Low,GEE,0,0,Unburned,under5,one,one,SE_W-under5-Low-one
175,SE_W,12.193636894226074,1959.1190185546875,380199,USGS SRP,USGS SRP,Giant Forest,1190.2242821731234,"c(109948.109932952, -160228.800803919)",NA,1,none,2012,Low,NA,2012,1,Low,over5,one,one,SE_W-over5-Low-one
176,SE_W,16.300085067749023,2034.8179931640625,380242,USGS SRP,USGS SRP,Giant Forest,1190.2242821731234,"c(110347.560753058, -159828.918224727)",NA,3,none,2019,Low,NA,2019,3,Low,over5,many,many,SE_W-over5-Low-many
177,SE_W,17.14378547668457,2150.720703125,380278,USGS SRP,USGS SRP,Giant Forest,1190.2242821731234,"c(111747.977889518, -159427.301436124)",NA,1,none,2005,Low,NA,2005,1,Low,over5,one,one,SE_W-over5-Low-one
178,NW_E,36.27226257324219,2182.856201171875,380294,USGS SRP,USGS SRP,Giant Forest,1190.2242821731234,"c(111947.525315532, -159227.599083303)",NA,1,none,2005,Low,NA,2005,1,Low,over5,one,one,NW_E-over5-Low-one
179,SE_W,52.29400634765625,2079.423095703125,580019,USGS SRP,USGS SRP,Homers Nose,111.84439953249628,"c(114548.009096489, -181827.996691945)",NA,1,2020CASTLE,2020,High,GEE,0,0,Unburned,under5,one,one,SE_W-under5-High-one
180,SE_W,55.9537467956543,2101.3681640625,580029,USGS SRP,USGS SRP,Homers Nose,111.84439953249628,"c(114148.014399402, -181427.996706028)",NA,1,2020CASTLE,2020,High,GEE,0,0,Unburned,under5,one,one,SE_W-under5-High-one
181,NW_E,65.140289306640625,2008.1202392578125,520005,USGS SRP,USGS SRP,Horse Creek,60.19407639611792,"c(117348.015919398, -177627.996985655)",NA,0,none,0,Unburned,NA,0,0,Unburned,over5,one,none,NW_E-over5-Unburned-none
182,SE_W,24.685821533203125,2054.787109375,LOST-THIN-01,UCB fuels project monitoring,UCB F&F protocol,Lost,30.87021617874276,"c(104566.853691337, -150879.337463656)",#3d405b,1,2021KNP_COMP,2021,Unburned,GEE,0,0,Unburned,under5,one,none,SE_W-under5-Unburned-none
183,SE_W,45.836151123046875,2047.8226318359375,LOST-THIN-03,UCB fuels project monitoring,UCB F&F protocol,Lost,30.87021617874276,"c(104673.16580681, -150978.391950476)",#3d405b,2,2021KNP_COMP,2021,Unburned,GEE,0,0,Unburned,under5,many,none,SE_W-under5-Unburned-none
184,SE_W,27.722387313842773,2010.8065185546875,LOST-THIN-04,UCB fuels project monitoring,UCB F&F protocol,Lost,30.87021617874276,"c(104492.171915628, -151078.551674177)",#3d405b,1,2021KNP_COMP,2021,Unburned,GEE,0,0,Unburned,under5,one,none,SE_W-under5-Unburned-none
185,SE_W,35.4066162109375,2067.596923828125,LOST-THIN-06,UCB fuels project monitoring,UCB F&F protocol,Lost,30.87021617874276,"c(104759.779003294, -151022.225012197)",#3d405b,1,2009LOST_GRO,2009,Unburned,GEE,0,0,Unburned,over5,one,none,SE_W-over5-Unburned-none
186,SE_W,20.88675308227539,2056.9853515625,LOST-THIN-07,UCB fuels project monitoring,UCB F&F protocol,Lost,30.87021617874276,"c(104793.876960543, -151093.60590424)",#3d405b,0,none,0,Unburned,NA,0,0,Unburned,over5,one,none,SE_W-over5-Unburned-none
187,SE_W,20.3199520111084,1994.1729736328125,LOST-THIN-08,UCB fuels project monitoring,UCB F&F protocol,Lost,30.87021617874276,"c(104480.016997372, -151186.072710198)",#3d405b,1,2021KNP_COMP,2021,Unburned,GEE,0,0,Unburned,under5,one,none,SE_W-under5-Unburned-none
188,SE_W,27.936983108520508,2000.486572265625,LOST-THIN-09,UCB fuels project monitoring,UCB F&F protocol,Lost,30.87021617874276,"c(104580.883685667, -151154.927623506)",#3d405b,1,2021KNP_COMP,2021,Unburned,GEE,0,0,Unburned,under5,one,none,SE_W-under5-Unburned-none
189,SE_W,14.448927879333496,1980.427978515625,LOST-THIN-12,UCB fuels project monitoring,UCB F&F protocol,Lost,30.87021617874276,"c(104477.113693532, -151269.137636296)",#3d405b,1,2021KNP_COMP,2021,Low,GEE,0,0,Unburned,under5,one,one,SE_W-under5-Low-one
190,SE_W,32.67914581298828,1990.3779296875,LOST-THIN-13,UCB fuels project monitoring,UCB F&F protocol,Lost,30.87021617874276,"c(104620.199841392, -151287.377228511)",#3d405b,1,2021KNP_COMP,2021,Unburned,GEE,0,0,Unburned,under5,one,none,SE_W-under5-Unburned-none
191,SE_W,33.00474166870117,1975.6348876953125,LOST-THIN-14,UCB fuels project monitoring,UCB F&F protocol,Lost,30.87021617874276,"c(104583.60246578, -151411.094887596)",#3d405b,1,2021KNP_COMP,2021,Unburned,GEE,0,0,Unburned,under5,one,none,SE_W-under5-Unburned-none
192,SE_W,16.06667709350586,1966.8924560546875,LOST-THIN-15,UCB fuels project monitoring,UCB F&F protocol,Lost,30.87021617874276,"c(104487.456933139, -151383.716772576)",#3d405b,1,2021KNP_COMP,2021,Unburned,GEE,0,0,Unburned,under5,one,none,SE_W-under5-Unburned-none
193,SE_W,25.921310424804688,1979.273193359375,330003,USGS SRP,USGS SRP,Lost,30.87021617874276,"c(104550.228667855, -151229.627816925)",NA,1,2021KNP_COMP,2021,Unburned,GEE,0,0,Unburned,under5,one,none,SE_W-under5-Unburned-none
194,SE_W,35.342830657958984,2090.335693359375,FSEGI1T08030,SEKI fire effects monitoring plots,SEKI FMH full,Muir,160.51346782015028,"c(103750.716843573, -152979.028794762)",#687351,2,2021KNP_COMP,2021,Unburned,GEE,0,0,Unburned,under5,many,none,SE_W-under5-Unburned-none
195,SE_W,24.0463809967041,2100.96484375,FSEGI1T08031,SEKI fire effects monitoring plots,SEKI FMH full,Muir,160.51346782015028,"c(103930.956222312, -153438.328740207)",#687351,1,2021KNP_COMP,2021,Unburned,GEE,0,0,Unburned,under5,one,none,SE_W-under5-Unburned-none
196,SE_W,35.972312927246094,1767.1961669921875,340013,USGS SRP,USGS SRP,Muir,160.51346782015028,"c(102646.517550806, -153628.30583134)",NA,1,2021KNP_COMP,2021,Moderate,GEE,0,0,Unburned,under5,one,one,SE_W-under5-Moderate-one
197,SE_W,11.426593780517578,2102.575439453125,340041,USGS SRP,USGS SRP,Muir,160.51346782015028,"c(103948.012411613, -153027.997190875)",NA,2,2021KNP_COMP,2021,Low,GEE,0,0,Unburned,under5,many,many,SE_W-under5-Low-many
198,NW_E,44.165740966796875,1987.1102294921875,340043,USGS SRP,USGS SRP,Muir,160.51346782015028,"c(102948.171064221, -152827.12743858)",NA,1,2021KNP_COMP,2021,Low,GEE,0,0,Unburned,under5,one,one,NW_E-under5-Low-one
199,SE_W,12.746274948120115,1747.4034423828125,480004,USGS SRP,USGS SRP,New Oriole Lake,25.11563897250276,"c(113148.034562513, -173228.100566643)",NA,1,2021KNP_COMP,2021,Low,GEE,0,0,Unburned,under5,one,one,SE_W-under5-Low-one
200,SE_W,36.070770263671875,1901.328369140625,440022,USGS SRP,USGS SRP,Oriole Lake,129.7232498432695,"c(113348.080461006, -171027.705686695)",NA,1,2021KNP_COMP,2021,Low,GEE,0,0,Unburned,under5,one,one,SE_W-under5-Low-one
201,SE_W,37.5376091003418,1984.116943359375,440024,USGS SRP,USGS SRP,Oriole Lake,129.7232498432695,"c(113748.615758257, -171027.148450241)",NA,1,2021KNP_COMP,2021,Low,GEE,0,0,Unburned,under5,one,one,SE_W-under5-Low-one
202,SE_W,34.96638488769531,2156.217529296875,440037,USGS SRP,USGS SRP,Oriole Lake,129.7232498432695,"c(114548.016130842, -170827.996962332)",NA,1,2021KNP_COMP,2021,Low,GEE,0,0,Unburned,under5,one,one,SE_W-under5-Low-one
203,NW_E,22.424222946166992,1645.9459228515625,350005,USGS SRP,USGS SRP,Pine Ridge,63.9757327774478,"c(101746.43372492, -155227.556286204)",NA,1,2021KNP_COMP,2021,Low,GEE,0,0,Unburned,under5,one,one,NW_E-under5-Low-one
204,SE_W,57.48748016357422,1872.28466796875,FCADE1T09094,SEKI fire effects monitoring plots,SEKI FMH full,Redwood Creek,62.62460971823625,"c(116189.497615373, -172699.070310183)",#687351,3,2021KNP_COMP,2021,High,GEE,2003,2,Low,under5,many,many,SE_W-under5-High-many
205,SE_W,15.323623657226564,1771.0657958984375,REME-THIN-02,UCB fuels project monitoring,UCB F&F protocol,Redwood Meadow,190.015382720439,"c(121426.528082056, -163996.76127954)",#3d405b,0,none,0,Unburned,NA,0,0,Unburned,over5,one,none,SE_W-over5-Unburned-none
206,SE_W,27.560049057006836,1776.8814697265625,REME-THIN-03,UCB fuels project monitoring,UCB F&F protocol,Redwood Meadow,190.015382720439,"c(121480.824104932, -164097.572567462)",#3d405b,0,none,0,Unburned,NA,0,0,Unburned,over5,one,none,SE_W-over5-Unburned-none
207,SE_W,3.5839126110076904,1838.9326171875,REME-THIN-06,UCB fuels project monitoring,UCB F&F protocol,Redwood Meadow,190.015382720439,"c(121930.801495513, -164269.949150505)",#3d405b,0,none,0,Unburned,NA,0,0,Unburned,over5,one,none,SE_W-over5-Unburned-none
208,NW_E,3.7033987045288086,1830.71142578125,REME-THIN-07,UCB fuels project monitoring,UCB F&F protocol,Redwood Meadow,190.015382720439,"c(121723.333521275, -164065.084094042)",#3d405b,0,none,0,Unburned,NA,0,0,Unburned,over5,one,none,NW_E-over5-Unburned-none
209,SE_W,27.511608123779297,1787.52783203125,REME-THIN-10,UCB fuels project monitoring,UCB F&F protocol,Redwood Meadow,190.015382720439,"c(121535.998270839, -164028.759139432)",#3d405b,0,none,0,Unburned,NA,0,0,Unburned,over5,one,none,SE_W-over5-Unburned-none
210,SE_W,5.0904974937438965,1831.422119140625,REME-THIN-12,UCB fuels project monitoring,UCB F&F protocol,Redwood Meadow,190.015382720439,"c(121786.452850854, -164431.187966969)",#3d405b,0,none,0,Unburned,NA,0,0,Unburned,over5,one,none,SE_W-over5-Unburned-none
211,SE_W,24.906681060791016,1803.744140625,REME-THIN-14,UCB fuels project monitoring,UCB F&F protocol,Redwood Meadow,190.015382720439,"c(121550.905429889, -163920.842981828)",#3d405b,0,none,0,Unburned,NA,0,0,Unburned,over5,one,none,SE_W-over5-Unburned-none
212,SE_W,28.73839569091797,1824.7452392578125,REME-THIN-15,UCB fuels project monitoring,UCB F&F protocol,Redwood Meadow,190.015382720439,"c(121658.671025109, -164388.674777909)",#3d405b,0,none,0,Unburned,NA,0,0,Unburned,over5,one,none,SE_W-over5-Unburned-none
213,SE_W,13.016642570495604,1846.500732421875,REME-THIN-18,UCB fuels project monitoring,UCB F&F protocol,Redwood Meadow,190.015382720439,"c(121764.725651261, -163914.773218639)",#3d405b,0,none,0,Unburned,NA,0,0,Unburned,over5,one,none,SE_W-over5-Unburned-none
214,SE_W,38.46149826049805,1763.207275390625,REME-THIN-23,UCB fuels project monitoring,UCB F&F protocol,Redwood Meadow,190.015382720439,"c(121336.639400838, -163989.490035751)",#3d405b,0,none,0,Unburned,NA,0,0,Unburned,over5,one,none,SE_W-over5-Unburned-none
215,SE_W,1.9997258186340332,1833.1954345703125,REME-THIN-25,UCB fuels project monitoring,UCB F&F protocol,Redwood Meadow,190.015382720439,"c(121753.171698161, -164187.474091929)",#3d405b,0,none,0,Unburned,NA,0,0,Unburned,over5,one,none,SE_W-over5-Unburned-none
216,SE_W,24.17734146118164,1805.4881591796875,REME-THIN-26,UCB fuels project monitoring,UCB F&F protocol,Redwood Meadow,190.015382720439,"c(121733.98577459, -164520.41523998)",#3d405b,0,none,0,Unburned,NA,0,0,Unburned,over5,one,none,SE_W-over5-Unburned-none
217,SE_W,39.69819641113281,1821.14501953125,REME-THIN-27,UCB fuels project monitoring,UCB F&F protocol,Redwood Meadow,190.015382720439,"c(121680.512776479, -163947.770833076)",#3d405b,0,none,0,Unburned,NA,0,0,Unburned,over5,one,none,SE_W-over5-Unburned-none
218,SE_W,21.58502197265625,1811.1717529296875,REME-THIN-29,UCB fuels project monitoring,UCB F&F protocol,Redwood Meadow,190.015382720439,"c(121599.468077096, -164139.330311016)",#3d405b,0,none,0,Unburned,NA,0,0,Unburned,over5,one,none,SE_W-over5-Unburned-none
219,SE_W,20.80757522583008,1916.2003173828125,113,USGS FF,USGS FF,Redwood Meadow,190.015382720439,"c(122339.234474591, -165143.708476567)",NA,0,none,0,Unburned,NA,0,0,Unburned,over5,one,none,SE_W-over5-Unburned-none
220,SE_W,13.119745254516602,1871.5693359375,114,USGS FF,USGS FF,Redwood Meadow,190.015382720439,"c(122346.46371057, -164228.600445078)",NA,0,none,0,Unburned,NA,0,0,Unburned,over5,one,none,SE_W-over5-Unburned-none
221,NW_E,12.778021812438965,1829.5618896484375,122,USGS FF,USGS FF,Redwood Meadow,190.015382720439,"c(121746.984392614, -164027.05061771)",NA,0,none,0,Unburned,NA,0,0,Unburned,over5,one,none,NW_E-over5-Unburned-none
222,SE_W,43.12534713745117,1735.4844970703125,1775,USGS FF,USGS FF,Redwood Meadow,190.015382720439,"c(121675.747101347, -165024.641406725)",NA,0,none,0,Unburned,NA,0,0,Unburned,over5,one,none,SE_W-over5-Unburned-none
223,SE_W,25.59358787536621,1874.1131591796875,409001,USGS SRP,USGS SRP,Redwood Meadow,190.015382720439,"c(122338.992041579, -164311.958158634)",NA,0,none,0,Unburned,NA,0,0,Unburned,over5,one,none,SE_W-over5-Unburned-none
224,NW_E,31.327709197998047,1889.260986328125,409003,USGS SRP,USGS SRP,Redwood Meadow,190.015382720439,"c(122218.589270202, -164539.436426482)",NA,0,none,0,Unburned,NA,0,0,Unburned,over5,one,none,NW_E-over5-Unburned-none
225,SE_W,2.853706121444702,1841.1124267578125,409004,USGS SRP,USGS SRP,Redwood Meadow,190.015382720439,"c(122032.380162306, -164172.218646805)",NA,0,none,0,Unburned,NA,0,0,Unburned,over5,one,none,SE_W-over5-Unburned-none
226,SE_W,11.5427885055542,1860.567138671875,409005,USGS SRP,USGS SRP,Redwood Meadow,190.015382720439,"c(122272.381284945, -164275.795776909)",NA,0,none,0,Unburned,NA,0,0,Unburned,over5,one,none,SE_W-over5-Unburned-none
227,SE_W,50.78914260864258,2005.074462890625,FSEGI1T08006,SEKI fire effects monitoring plots,SEKI FMH full,Redwood Mountain,1272.1195721767772,"c(96708.9638985653, -143686.912987584)",#687351,2,2021KNP_COMP,2021,Low,GEE,2006,1,Low,under5,many,many,SE_W-under5-Low-many
228,NW_E,25.45204734802246,1966.9027099609375,FSEGI1T08007,SEKI fire effects monitoring plots,SEKI FMH full,Redwood Mountain,1272.1195721767772,"c(96289.342596097, -145404.67297829)",#687351,3,2021KNP_COMP,2021,Unburned,GEE,2011,2,Low,under5,many,none,NW_E-under5-Unburned-none
229,NW_E,48.69395065307617,1965.687744140625,FSEGI1T08009,SEKI fire effects monitoring plots,SEKI FMH full,Redwood Mountain,1272.1195721767772,"c(96309.0653734334, -145460.168229917)",#687351,4,2021KNP_COMP,2021,High,GEE,2011,3,Low,under5,many,many,NW_E-under5-High-many
230,SE_W,33.53214645385742,1986.564697265625,FSEGI1T08050,SEKI fire effects monitoring plots,SEKI FMH full,Redwood Mountain,1272.1195721767772,"c(95591.2709658143, -148055.09974987)",#687351,2,2021KNP_COMP,2021,High,GEE,0,0,Unburned,under5,many,many,SE_W-under5-High-many
231,SE_W,20.80270004272461,2060.34326171875,FSEGI1T08051,SEKI fire effects monitoring plots,SEKI FMH full,Redwood Mountain,1272.1195721767772,"c(95784.9508063855, -147923.742728287)",#687351,3,2021KNP_COMP,2021,High,GEE,1978,1,Low,under5,many,many,SE_W-under5-High-many
232,NW_E,15.059118270874023,1866.2265625,FSEGI1T08115,SEKI fire effects monitoring plots,SEKI FMH full,Redwood Mountain,1272.1195721767772,"c(98617.2253895064, -146781.371075015)",#687351,4,2021KNP_COMP,2021,Low,GEE,2016,3,Low,under5,many,many,NW_E-under5-Low-many
232,NW_E,15.059118270874023,1866.2265625,FSEGI1T08115,SEKI fire effects monitoring plots,SEKI FMH full,Redwood Mountain,1272.1195721767772,"c(98617.2253895064, -146781.371075015)",#687351,4,2021KNP_COMP,2021,Low,GEE,2016,3,Low,under5,many,many,NW_E-under5-Low-many
233,SE_W,35.671024322509766,2022.955810546875,REMO-PLANT-01,UCB fuels project monitoring,UCB F&F protocol,Redwood Mountain,1272.1195721767772,"c(95632.8294180625, -147905.82890568)",#3d405b,2,2021KNP_COMP,2021,High,GEE,0,0,Unburned,under5,many,many,SE_W-under5-High-many
234,SE_W,47.81137466430664,1818.4261474609375,REMO-PLANT-02,UCB fuels project monitoring,UCB F&F protocol,Redwood Mountain,1272.1195721767772,"c(98417.0819118819, -147713.287382517)",#3d405b,1,2021KNP_COMP,2021,High,GEE,0,0,Unburned,under5,one,one,SE_W-under5-High-one
235,SE_W,7.874197959899902,1655.908935546875,REMO-PLANT-04,UCB fuels project monitoring,UCB F&F protocol,Redwood Mountain,1272.1195721767772,"c(97276.061316307, -147552.422119046)",#3d405b,2,2021KNP_COMP,2021,High,GEE,1977,1,Low,under5,many,many,SE_W-under5-High-many
236,SE_W,14.518317222595217,2067.08740234375,REMO-PLANT-05,UCB fuels project monitoring,UCB F&F protocol,Redwood Mountain,1272.1195721767772,"c(95941.3366234968, -148021.155456861)",#3d405b,3,2021KNP_COMP,2021,High,GEE,1978,1,Low,under5,many,many,SE_W-under5-High-many
237,SE_W,4.472142696380615,1724.4625244140625,REMO-PLANT-06,UCB fuels project monitoring,UCB F&F protocol,Redwood Mountain,1272.1195721767772,"c(97689.5237467538, -147790.410347091)",#3d405b,2,2021KNP_COMP,2021,High,GEE,1977,1,Low,under5,many,many,SE_W-under5-High-many
238,NW_E,35.6124382019043,1725.7911376953125,REMO-PLANT-07,UCB fuels project monitoring,UCB F&F protocol,Redwood Mountain,1272.1195721767772,"c(97054.8090087335, -146874.833944387)",#3d405b,3,2021KNP_COMP,2021,Moderate,GEE,2011,2,Low,under5,many,many,NW_E-under5-Moderate-many
239,SE_W,19.333898544311523,2041.7044677734375,REMO-PLANT-09,UCB fuels project monitoring,UCB F&F protocol,Redwood Mountain,1272.1195721767772,"c(95593.0795288356, -147634.294124935)",#3d405b,3,2021KNP_COMP,2021,High,GEE,1976,1,Low,under5,many,many,SE_W-under5-High-many
240,SE_W,64.72502899169922,1659.6187744140625,REMO-PLANT-10,UCB fuels project monitoring,UCB F&F protocol,Redwood Mountain,1272.1195721767772,"c(97122.7950541628, -148016.345474935)",#3d405b,1,2021KNP_COMP,2021,High,GEE,0,0,Unburned,under5,one,one,SE_W-under5-High-one
241,SE_W,11.160268783569336,1671.5303955078125,REMO-PLANT-11,UCB fuels project monitoring,UCB F&F protocol,Redwood Mountain,1272.1195721767772,"c(97267.928090825, -147124.475536865)",#3d405b,2,2021KNP_COMP,2021,Moderate,GEE,1977,1,Low,under5,many,many,SE_W-under5-Moderate-many
242,NW_E,17.84135627746582,1722.0194091796875,REMO-PLANT-13,UCB fuels project monitoring,UCB F&F protocol,Redwood Mountain,1272.1195721767772,"c(97918.3954408546, -147677.836914881)",#3d405b,1,2021KNP_COMP,2021,High,GEE,0,0,Unburned,under5,one,one,NW_E-under5-High-one
243,SE_W,6.595514297485352,1716.7197265625,REMO-PLANT-14,UCB fuels project monitoring,UCB F&F protocol,Redwood Mountain,1272.1195721767772,"c(97852.4192750753, -148138.984601371)",#3d405b,1,2021KNP_COMP,2021,High,GEE,0,0,Unburned,under5,one,one,SE_W-under5-High-one
244,SE_W,8.574625968933105,1759.6622314453125,REMO-PLANT-16,UCB fuels project monitoring,UCB F&F protocol,Redwood Mountain,1272.1195721767772,"c(98171.3881607947, -147644.783318518)",#3d405b,1,2021KNP_COMP,2021,High,GEE,0,0,Unburned,under5,one,one,SE_W-under5-High-one
245,SE_W,13.269549369812012,1732.4163818359375,REMO-PLANT-17,UCB fuels project monitoring,UCB F&F protocol,Redwood Mountain,1272.1195721767772,"c(97947.0882691888, -148082.536403197)",#3d405b,1,2021KNP_COMP,2021,High,GEE,0,0,Unburned,under5,one,one,SE_W-under5-High-one
246,SE_W,42.08570098876953,1685.8173828125,REMO-PLANT-18,UCB fuels project monitoring,UCB F&F protocol,Redwood Mountain,1272.1195721767772,"c(97145.9289611421, -147489.339051521)",#3d405b,3,2021KNP_COMP,2021,High,GEE,2011,2,Low,under5,many,many,SE_W-under5-High-many
247,SE_W,16.003774642944336,1708.3868408203125,REMO-PLANT-19,UCB fuels project monitoring,UCB F&F protocol,Redwood Mountain,1272.1195721767772,"c(97778.3975896629, -147680.678700404)",#3d405b,2,2021KNP_COMP,2021,High,GEE,1977,1,Low,under5,many,many,SE_W-under5-High-many
248,SE_W,17.193218231201172,1695.0860595703125,REMO-PLANT-20,UCB fuels project monitoring,UCB F&F protocol,Redwood Mountain,1272.1195721767772,"c(97468.8846058522, -147479.288935541)",#3d405b,2,2021KNP_COMP,2021,High,GEE,1977,1,Low,under5,many,many,SE_W-under5-High-many
249,SE_W,17.632780075073242,1748.14697265625,REMO-PLANT-21,UCB fuels project monitoring,UCB F&F protocol,Redwood Mountain,1272.1195721767772,"c(97964.5532057945, -147779.449733378)",#3d405b,1,2021KNP_COMP,2021,High,GEE,0,0,Unburned,under5,one,one,SE_W-under5-High-one
250,SE_W,25.674352645874023,1640.54345703125,REMO-PLANT-22,UCB fuels project monitoring,UCB F&F protocol,Redwood Mountain,1272.1195721767772,"c(97345.1681451679, -147896.304167902)",#3d405b,3,2021KNP_COMP,2021,High,GEE,2011,2,Low,under5,many,many,SE_W-under5-High-many
251,SE_W,5.548905849456787,1791.5040283203125,REMO-PLANT-25,UCB fuels project monitoring,UCB F&F protocol,Redwood Mountain,1272.1195721767772,"c(98338.6378157145, -147790.559839279)",#3d405b,1,2021KNP_COMP,2021,High,GEE,0,0,Unburned,under5,one,one,SE_W-under5-High-one
252,SE_W,13.801405906677246,1685.4403076171875,REMO-PLANT-26,UCB fuels project monitoring,UCB F&F protocol,Redwood Mountain,1272.1195721767772,"c(97737.07906137, -148384.069945208)",#3d405b,1,2021KNP_COMP,2021,High,GEE,0,0,Unburned,under5,one,one,SE_W-under5-High-one
253,SE_W,13.65040397644043,1689.4849853515625,REMO-PLANT-27,UCB fuels project monitoring,UCB F&F protocol,Redwood Mountain,1272.1195721767772,"c(97587.4815442726, -147369.994740502)",#3d405b,1,2021KNP_COMP,2021,High,GEE,0,0,Unburned,under5,one,one,SE_W-under5-High-one
254,SE_W,16.403493881225586,2070.617431640625,REMO-PLANT-29,UCB fuels project monitoring,UCB F&F protocol,Redwood Mountain,1272.1195721767772,"c(95781.7318165991, -147837.78798793)",#3d405b,3,2021KNP_COMP,2021,Moderate,GEE,1978,1,Low,under5,many,many,SE_W-under5-Moderate-many
255,SE_W,5.999764442443848,1650.390625,REMO-PLANT-30,UCB fuels project monitoring,UCB F&F protocol,Redwood Mountain,1272.1195721767772,"c(97326.583019592, -147706.853159742)",#3d405b,3,2021KNP_COMP,2021,Moderate,GEE,2011,2,Low,under5,many,many,SE_W-under5-Moderate-many
256,NW_E,25.151742935180664,1758.6778564453125,REMO-PLANT-33,UCB fuels project monitoring,UCB F&F protocol,Redwood Mountain,1272.1195721767772,"c(96965.9635425205, -146862.514714807)",#3d405b,4,2021KNP_COMP,2021,Moderate,GEE,2011,3,Low,under5,many,many,NW_E-under5-Moderate-many
257,SE_W,18.83477783203125,1646.72900390625,REMO-PLANT-34,UCB fuels project monitoring,UCB F&F protocol,Redwood Mountain,1272.1195721767772,"c(97276.333785156, -148065.154888347)",#3d405b,1,2021KNP_COMP,2021,High,GEE,0,0,Unburned,under5,one,one,SE_W-under5-High-one
258,SE_W,15.688178062438965,1629.910400390625,REMO-PLANT-37,UCB fuels project monitoring,UCB F&F protocol,Redwood Mountain,1272.1195721767772,"c(97245.4814646273, -148269.581081681)",#3d405b,1,2021KNP_COMP,2021,High,GEE,0,0,Unburned,under5,one,one,SE_W-under5-High-one
259,SE_W,8.723433494567871,1727.5595703125,REMO-PLANT-38,UCB fuels project monitoring,UCB F&F protocol,Redwood Mountain,1272.1195721767772,"c(98049.980513719, -147619.070522846)",#3d405b,1,2021KNP_COMP,2021,High,GEE,0,0,Unburned,under5,one,one,SE_W-under5-High-one
260,SE_W,26.146806716918945,1801.7310791015625,REMO-PLANT-39,UCB fuels project monitoring,UCB F&F protocol,Redwood Mountain,1272.1195721767772,"c(98360.8662858337, -148075.068568666)",#3d405b,1,2021KNP_COMP,2021,High,GEE,0,0,Unburned,under5,one,one,SE_W-under5-High-one
261,SE_W,23.965728759765625,2014.051025390625,REMO-PLANT-41,UCB fuels project monitoring,UCB F&F protocol,Redwood Mountain,1272.1195721767772,"c(95670.0191402373, -148029.674065098)",#3d405b,2,2021KNP_COMP,2021,High,GEE,0,0,Unburned,under5,many,many,SE_W-under5-High-many
262,SE_W,3.5092952251434326,1673.0009765625,REMO-PLANT-42,UCB fuels project monitoring,UCB F&F protocol,Redwood Mountain,1272.1195721767772,"c(97342.9043720849, -147009.239313361)",#3d405b,1,2021KNP_COMP,2021,High,GEE,0,0,Unburned,under5,one,one,SE_W-under5-High-one
263,SE_W,26.963830947875977,1974.7314453125,REMO-PLANT-43,UCB fuels project monitoring,UCB F&F protocol,Redwood Mountain,1272.1195721767772,"c(95410.3876431782, -147578.669513854)",#3d405b,2,2021KNP_COMP,2021,High,GEE,0,0,Unburned,under5,many,many,SE_W-under5-High-many
264,NW_E,28.724252700805664,1684.753662109375,REMO-PLANT-44,UCB fuels project monitoring,UCB F&F protocol,Redwood Mountain,1272.1195721767772,"c(97157.4663823989, -147172.872635384)",#3d405b,3,2021KNP_COMP,2021,High,GEE,2011,2,Low,under5,many,many,NW_E-under5-High-many
265,SE_W,16.402708053588867,1781.9552001953125,REMO-PLANT-45,UCB fuels project monitoring,UCB F&F protocol,Redwood Mountain,1272.1195721767772,"c(98255.0212240105, -147718.703698901)",#3d405b,1,2021KNP_COMP,2021,High,GEE,0,0,Unburned,under5,one,one,SE_W-under5-High-one
266,SE_W,20.044410705566406,1656.85107421875,REMO-PLANT-46,UCB fuels project monitoring,UCB F&F protocol,Redwood Mountain,1272.1195721767772,"c(97384.8409654859, -147287.744319019)",#3d405b,2,2021KNP_COMP,2021,High,GEE,1977,1,Low,under5,many,many,SE_W-under5-High-many
267,NW_E,36.86907958984375,1790.023193359375,REMO-PLANT-48,UCB fuels project monitoring,UCB F&F protocol,Redwood Mountain,1272.1195721767772,"c(98314.7498915452, -148346.255337633)",#3d405b,1,2021KNP_COMP,2021,High,GEE,0,0,Unburned,under5,one,one,NW_E-under5-High-one
268,SE_W,15.564105987548828,1782.87158203125,REMO-PLANT-50,UCB fuels project monitoring,UCB F&F protocol,Redwood Mountain,1272.1195721767772,"c(98292.921823986, -147612.138945379)",#3d405b,1,2021KNP_COMP,2021,High,GEE,0,0,Unburned,under5,one,one,SE_W-under5-High-one
269,SE_W,34.316505432128906,1715.3604736328125,2,USGS FF,USGS FF,Redwood Mountain,1272.1195721767772,"c(97047.61773642, -146617.366160533)",NA,4,2021KNP_COMP,2021,Low,GEE,2011,3,Low,under5,many,many,SE_W-under5-Low-many
270,SE_W,25.392087936401367,1904.0169677734375,3,USGS FF,USGS FF,Redwood Mountain,1272.1195721767772,"c(98658.5212962461, -146038.398928349)",NA,2,2021KNP_COMP,2021,Unburned,GEE,2009,1,Low,under5,many,none,SE_W-under5-Unburned-none
271,NW_E,37.59743881225586,1667.54638671875,9,USGS FF,USGS FF,Redwood Mountain,1272.1195721767772,"c(95044.708863148, -146296.634496941)",NA,1,2021KNP_COMP,2021,High,GEE,0,0,Unburned,under5,one,one,NW_E-under5-High-one
272,NW_E,29.43962287902832,1914.0804443359375,10,USGS FF,USGS FF,Redwood Mountain,1272.1195721767772,"c(99087.2757270194, -146201.226544616)",NA,2,2021KNP_COMP,2021,Low,GEE,2009,1,Low,under5,many,many,NW_E-under5-Low-many
273,NW_E,20.557186126708984,1910.1383056640625,14,USGS FF,USGS FF,Redwood Mountain,1272.1195721767772,"c(98566.1764176756, -146961.294190066)",NA,4,2021KNP_COMP,2021,Low,GEE,2016,3,Low,under5,many,many,NW_E-under5-Low-many
273,NW_E,20.557186126708984,1910.1383056640625,14,USGS FF,USGS FF,Redwood Mountain,1272.1195721767772,"c(98566.1764176756, -146961.294190066)",NA,4,2021KNP_COMP,2021,Low,GEE,2016,3,Low,under5,many,many,NW_E-under5-Low-many
274,NW_E,39.707740783691406,1714.599365234375,19,USGS FF,USGS FF,Redwood Mountain,1272.1195721767772,"c(97084.8938039898, -147432.471681416)",NA,3,2021KNP_COMP,2021,High,GEE,2011,2,Low,under5,many,many,NW_E-under5-High-many
275,SE_W,16.81369972229004,1753.9063720703125,20,USGS FF,USGS FF,Redwood Mountain,1272.1195721767772,"c(97950.0544973228, -147351.090600524)",NA,1,2021KNP_COMP,2021,High,GEE,0,0,Unburned,under5,one,one,SE_W-under5-High-one
276,SE_W,26.070695877075195,2035.162353515625,49,USGS FF,USGS FF,Redwood Mountain,1272.1195721767772,"c(95788.4347298121, -148074.200518427)",NA,3,2021KNP_COMP,2021,High,GEE,1978,1,Low,under5,many,many,SE_W-under5-High-many
277,SE_W,17.142419815063477,1825.6080322265625,310145,USGS SRP,USGS SRP,Redwood Mountain,1272.1195721767772,"c(98348.0121173059, -146827.997112887)",NA,4,2021KNP_COMP,2021,Low,GEE,2016,3,Low,under5,many,many,SE_W-under5-Low-many
277,SE_W,17.142419815063477,1825.6080322265625,310145,USGS SRP,USGS SRP,Redwood Mountain,1272.1195721767772,"c(98348.0121173059, -146827.997112887)",NA,4,2021KNP_COMP,2021,Low,GEE,2016,3,Low,under5,many,many,SE_W-under5-Low-many
278,SE_W,26.420156478881836,1718.4315185546875,310272,USGS SRP,USGS SRP,Redwood Mountain,1272.1195721767772,"c(96948.0126270385, -145827.997545118)",NA,3,2021KNP_COMP,2021,Unburned,GEE,2011,2,Low,under5,many,none,SE_W-under5-Unburned-none
279,SE_W,23.24799156188965,1822.5340576171875,SECR-PILE-01,UCB fuels project monitoring,UCB F&F protocol,Sequoia Creek,24.678162947366488,"c(91353.5125440987, -142291.563954412)",#3d405b,2,none,2024,Low,NA,2024,2,Low,under5,many,many,SE_W-under5-Low-many
280,NW_E,11.933653831481934,1817.3314208984375,SECR-PILE-02,UCB fuels project monitoring,UCB F&F protocol,Sequoia Creek,24.678162947366488,"c(91466.0794309269, -142317.134434022)",#3d405b,3,none,2024,Low,NA,2024,3,Low,under5,many,many,NW_E-under5-Low-many
281,SE_W,21.535879135131836,1836.120849609375,SECR-PILE-03,UCB fuels project monitoring,UCB F&F protocol,Sequoia Creek,24.678162947366488,"c(91315.2458657879, -142406.796605651)",#3d405b,3,none,2024,Low,NA,2024,3,Low,under5,many,many,SE_W-under5-Low-many
282,SE_W,23.58730125427246,1811.9434814453125,SECR-PILE-04,UCB fuels project monitoring,UCB F&F protocol,Sequoia Creek,24.678162947366488,"c(91160.5285861647, -142475.712623131)",#3d405b,3,none,2024,Low,NA,2024,3,Low,under5,many,many,SE_W-under5-Low-many
283,NW_E,47.494441986083984,1687.36328125,SECR-THIN-01,UCB fuels project monitoring,UCB F&F protocol,Sequoia Creek,24.678162947366488,"c(90897.3517042035, -142254.353957786)",#3d405b,2,none,2009,Low,NA,2009,2,Low,over5,many,many,NW_E-over5-Low-many
284,NW_E,51.47557830810547,1717.84912109375,SECR-THIN-02,UCB fuels project monitoring,UCB F&F protocol,Sequoia Creek,24.678162947366488,"c(90966.6056104341, -142308.073265995)",#3d405b,2,none,2009,Low,NA,2009,2,Low,over5,many,many,NW_E-over5-Low-many
285,NW_E,53.23440170288086,1746.0299072265625,SECR-THIN-03,UCB fuels project monitoring,UCB F&F protocol,Sequoia Creek,24.678162947366488,"c(91052.762774508, -142357.719700202)",#3d405b,2,none,2009,Low,NA,2009,2,Low,over5,many,many,NW_E-over5-Low-many
286,NW_E,52.855804443359375,1770.945556640625,SECR-THIN-04,UCB fuels project monitoring,UCB F&F protocol,Sequoia Creek,24.678162947366488,"c(90999.0360579221, -142437.43778445)",#3d405b,2,none,2009,Low,NA,2009,2,Low,over5,many,many,NW_E-over5-Low-many
287,NW_E,39.8752555847168,1823.53271484375,SECR-THIN-05,UCB fuels project monitoring,UCB F&F protocol,Sequoia Creek,24.678162947366488,"c(90995.621907625, -142584.305249131)",#3d405b,2,none,2009,Low,NA,2009,2,Low,over5,many,many,NW_E-over5-Low-many
288,SE_W,21.745271682739254,1989.973388671875,360002,USGS SRP,USGS SRP,Skagway,59.805090210970945,"c(103147.166727091, -155426.891181654)",NA,3,2021KNP_COMP,2021,Low,GEE,1969,1,Low,under5,many,many,SE_W-under5-Low-many
289,NW_E,28.86548614501953,1848.246826171875,360009,USGS SRP,USGS SRP,Skagway,59.805090210970945,"c(102944.732753186, -155025.687186173)",NA,1,2021KNP_COMP,2021,Low,GEE,0,0,Unburned,under5,one,one,NW_E-under5-Low-one
290,NW_E,51.1318359375,2183.121337890625,610012,USGS SRP,USGS SRP,South Fork,204.45351650087295,"c(116348.012856669, -184027.996607857)",NA,1,2020CASTLE,2020,Low,GEE,0,0,Unburned,under5,one,one,NW_E-under5-Low-one
291,NW_E,46.514312744140625,2062.699951171875,610021,USGS SRP,USGS SRP,South Fork,204.45351650087295,"c(116148.01552171, -183827.997466564)",NA,1,2020CASTLE,2020,Low,GEE,0,0,Unburned,under5,one,one,NW_E-under5-Low-one
292,NW_E,63.90982437133789,2010.0673828125,610036,USGS SRP,USGS SRP,South Fork,204.45351650087295,"c(116348.01209241, -183627.996861446)",NA,1,2020CASTLE,2020,Moderate,GEE,0,0,Unburned,under5,one,one,NW_E-under5-Moderate-one
293,NW_E,13.167601585388184,1953.801025390625,FSEGI1T08069,SEKI fire effects monitoring plots,SEKI FMH full,Suwanee,61.23433581609125,"c(107023.140766733, -157682.123788345)",#687351,2,2021KNP_COMP,2021,High,GEE,1992,1,Low,under5,many,many,NW_E-under5-High-many
294,NW_E,28.260635375976563,1917.5606689453125,FSEGI1T08070,SEKI fire effects monitoring plots,SEKI FMH full,Suwanee,61.23433581609125,"c(107213.173653871, -157816.440016382)",#687351,3,2021KNP_COMP,2021,Low,GEE,1992,2,Low,under5,many,many,NW_E-under5-Low-many
295,SE_W,21.48538398742676,1898.1356201171875,FSEGI1T08071,SEKI fire effects monitoring plots,SEKI FMH full,Suwanee,61.23433581609125,"c(107254.197089265, -158200.957590005)",#687351,2,2021KNP_COMP,2021,Low,GEE,1992,1,Low,under5,many,many,SE_W-under5-Low-many
296,NW_E,10.77602481842041,1888.8719482421875,370005,USGS SRP,USGS SRP,Suwanee,61.23433581609125,"c(107346.872052385, -158227.877544469)",NA,2,2021KNP_COMP,2021,Low,GEE,1992,1,Low,under5,many,many,NW_E-under5-Low-many
297,SE_W,19.455215454101563,1944.025146484375,370019,USGS SRP,USGS SRP,Suwanee,61.23433581609125,"c(107148.380890891, -157628.106553849)",NA,3,2021KNP_COMP,2021,High,GEE,1992,2,Low,under5,many,many,SE_W-under5-High-many
